subject,story_id,temperature,word_number
2,2,0.0,32
2,2,0.0,90
2,2,0.0,102
2,2,0.0,147
2,2,0.0,180
2,2,0.0,222
2,2,0.0,277
2,2,0.0,343
2,2,0.0,353
2,2,0.0,376
2,2,0.0,402
2,2,0.0,445
2,2,0.0,463
2,2,0.0,481
2,2,0.0,505
2,2,0.0,527
2,2,0.0,546
2,2,0.0,572
2,2,0.0,583
2,2,0.0,603
2,2,0.0,625
2,2,0.0,645
2,2,0.0,663
2,2,0.0,687
2,2,0.0,706
2,2,0.0,726
2,2,0.0,744
2,2,0.0,773
2,2,0.0,794
2,2,0.0,809
2,2,0.0,847
2,2,0.0,884
2,2,0.0,905
2,2,0.0,916
2,2,0.0,930
2,2,0.0,938
2,2,0.0,962
2,2,0.0,1006
2,2,0.0,1018
2,2,0.0,1021
2,2,0.0,1058
2,2,0.0,1070
2,2,0.0,1077
2,2,0.0,1115
2,2,0.0,1127
2,2,0.0,1139
2,2,0.0,1157
2,2,0.0,1206
2,2,0.0,1230
2,2,0.0,1237
2,2,0.0,1249
2,2,0.0,1268
2,2,0.0,1293
2,2,0.0,1304
2,2,0.0,1338
2,2,0.0,1351
2,2,0.0,1372
2,2,0.0,1385
2,2,0.0,1398
2,2,0.0,1424
2,2,0.0,1441
2,2,0.0,1449
2,2,0.0,1484
2,2,0.0,1498
2,2,0.0,1514
2,2,0.5,32
2,2,0.5,102
2,2,0.5,147
2,2,0.5,202
2,2,0.5,268
2,2,0.5,301
2,2,0.5,351
2,2,0.5,388
2,2,0.5,430
2,2,0.5,471
2,2,0.5,525
2,2,0.5,585
2,2,0.5,628
2,2,0.5,666
2,2,0.5,716
2,2,0.5,769
2,2,0.5,806
2,2,0.5,852
2,2,0.5,884
2,2,0.5,940
2,2,0.5,992
2,2,0.5,1037
2,2,0.5,1079
2,2,0.5,1128
2,2,0.5,1171
2,2,0.5,1215
2,2,0.5,1260
2,2,0.5,1307
2,2,0.5,1371
2,3,0.5,104
2,3,0.5,172
2,3,0.5,214
2,3,0.5,279
2,3,0.5,400
2,3,0.5,504
2,3,0.5,580
2,3,0.5,604
2,3,0.5,718
2,3,0.5,817
2,3,0.5,901
2,3,0.5,1025
2,3,0.5,1092
2,3,0.5,1175
2,3,0.5,1245
2,3,0.5,1315
2,3,0.5,1388
2,3,0.5,1483
2,3,0.5,1574
2,3,0.5,1653
4,3,1.0,21
4,3,1.0,56
4,3,1.0,76
4,3,1.0,99
4,3,1.0,141
4,3,1.0,177
4,3,1.0,198
4,3,1.0,211
4,3,1.0,222
4,3,1.0,243
4,3,1.0,253
4,3,1.0,269
4,3,1.0,309
4,3,1.0,325
4,3,1.0,339
4,3,1.0,359
4,3,1.0,373
4,3,1.0,394
4,3,1.0,408
4,3,1.0,435
4,3,1.0,449
4,3,1.0,462
4,3,1.0,477
4,3,1.0,495
6,2,1.0,7
6,2,1.0,38
6,2,1.0,43
6,2,1.0,88
6,2,1.0,91
6,2,1.0,133
6,2,1.0,136
6,2,1.0,257
6,2,1.0,263
6,2,1.0,336
6,2,1.0,340
6,2,1.0,373
6,2,1.0,379
6,2,1.0,432
6,2,1.0,437
6,2,1.0,478
6,2,1.0,485
6,2,1.0,588
6,2,1.0,592
6,2,1.0,700
6,2,1.0,704
6,2,1.0,766
6,2,1.0,770
6,2,1.0,861
12,3,0.5,97
12,3,0.5,122
12,3,0.5,167
12,3,0.5,232
12,3,0.5,297
12,3,0.5,333
12,3,0.5,499
12,3,0.5,598
12,3,0.5,622
12,3,0.5,773
12,3,0.5,835
12,3,0.5,919
12,3,0.5,1043
12,3,0.5,1088
12,3,0.5,1110
12,3,0.5,1147
12,3,0.5,1230
12,3,0.5,1263
12,3,0.5,1333
12,3,0.5,1384
12,3,0.5,1464
12,3,0.5,1565
12,3,0.5,1671
12,2,0.5,32
12,2,0.5,90
12,2,0.5,102
12,2,0.5,147
12,2,0.5,180
12,2,0.5,222
12,2,0.5,277
12,2,0.5,343
12,2,0.5,353
12,2,0.5,376
12,2,0.5,402
12,2,0.5,445
12,2,0.5,481
12,2,0.5,505
12,2,0.5,527
12,2,0.5,546
12,2,0.5,572
12,2,0.5,603
12,2,0.5,625
12,2,0.5,663
12,2,0.5,687
12,2,0.5,725
12,2,0.5,754
12,2,0.5,790
12,2,0.5,828
12,2,0.5,865
12,2,0.5,897
12,2,0.5,919
12,2,0.5,943
12,2,0.5,987
12,2,0.5,1002
12,2,0.5,1039
12,2,0.5,1058
12,2,0.5,1096
12,2,0.5,1108
12,2,0.5,1120
12,2,0.5,1138
12,2,0.5,1187
12,2,0.5,1218
12,2,0.5,1230
12,2,0.5,1249
12,2,0.5,1274
12,2,0.5,1319
12,2,0.5,1332
12,2,0.5,1353
12,2,0.5,1379
12,2,0.5,1405
12,2,0.5,1430
12,2,0.5,1465
12,2,0.5,1479
4,1,0.0,71
4,1,0.0,138
4,1,0.0,203
4,1,0.0,273
4,1,0.0,340
4,1,0.0,426
4,1,0.0,491
4,1,0.0,577
4,1,0.0,656
4,1,0.0,734
4,1,0.0,805
4,1,0.0,895
4,1,0.0,972
4,1,0.0,1049
4,1,0.0,1117
4,1,0.0,1200
4,1,0.0,1275
4,1,0.0,1355
4,1,0.0,1432
4,1,0.0,1542
19,2,1.0,6
19,2,1.0,37
19,2,1.0,42
19,2,1.0,87
19,2,1.0,91
19,2,1.0,133
19,2,1.0,139
19,2,1.0,260
19,2,1.0,265
19,2,1.0,324
19,2,1.0,327
19,2,1.0,360
19,2,1.0,365
19,2,1.0,418
19,2,1.0,424
19,2,1.0,465
19,2,1.0,472
19,2,1.0,563
19,2,1.0,567
19,2,1.0,665
19,2,1.0,672
19,2,1.0,799
19,2,1.0,804
19,2,1.0,907
19,2,1.0,913
19,2,1.0,1015
10,1,0.0,71
10,1,0.0,138
10,1,0.0,203
10,1,0.0,273
10,1,0.0,340
10,1,0.0,426
10,1,0.0,491
10,1,0.0,577
10,1,0.0,656
10,1,0.0,734
10,1,0.0,805
10,1,0.0,895
10,1,0.0,972
10,1,0.0,1049
10,1,0.0,1117
10,1,0.0,1200
10,1,0.0,1275
10,1,0.0,1355
10,1,0.0,1432
10,1,0.0,1542
6,1,0.5,71
6,1,0.5,138
6,1,0.5,203
6,1,0.5,252
6,1,0.5,290
6,1,0.5,340
6,1,0.5,394
6,1,0.5,448
6,1,0.5,491
6,1,0.5,526
6,1,0.5,577
6,1,0.5,628
6,1,0.5,710
6,1,0.5,743
6,1,0.5,782
6,1,0.5,828
6,1,0.5,895
6,1,0.5,936
6,1,0.5,972
6,1,0.5,1003
6,1,0.5,1049
6,1,0.5,1091
6,1,0.5,1140
6,1,0.5,1178
6,1,0.5,1225
6,1,0.5,1257
6,1,0.5,1298
6,1,0.5,1334
6,1,0.5,1383
6,1,0.5,1432
6,1,0.5,1462
6,1,0.5,1505
6,1,0.5,1542
6,1,0.5,1582
9,2,0.0,32
9,2,0.0,90
9,2,0.0,102
9,2,0.0,147
9,2,0.0,180
9,2,0.0,222
9,2,0.0,277
9,2,0.0,343
9,2,0.0,353
9,2,0.0,376
9,2,0.0,402
9,2,0.0,445
9,2,0.0,463
9,2,0.0,481
9,2,0.0,505
9,2,0.0,527
9,2,0.0,546
9,2,0.0,572
9,2,0.0,583
9,2,0.0,603
9,2,0.0,625
9,2,0.0,663
9,2,0.0,687
9,2,0.0,706
9,2,0.0,726
9,2,0.0,744
9,2,0.0,773
9,2,0.0,794
9,2,0.0,809
9,2,0.0,847
9,2,0.0,884
9,2,0.0,905
9,2,0.0,916
9,2,0.0,930
9,2,0.0,938
9,2,0.0,962
9,2,0.0,1006
9,2,0.0,1018
9,2,0.0,1021
9,2,0.0,1058
9,2,0.0,1070
9,2,0.0,1077
9,2,0.0,1115
9,2,0.0,1127
9,2,0.0,1139
9,2,0.0,1157
9,2,0.0,1206
9,2,0.0,1230
9,2,0.0,1237
9,2,0.0,1249
9,2,0.0,1268
9,2,0.0,1293
9,2,0.0,1304
9,2,0.0,1338
9,2,0.0,1351
9,2,0.0,1372
9,2,0.0,1385
9,2,0.0,1398
9,2,0.0,1424
9,2,0.0,1441
9,2,0.0,1449
9,2,0.0,1484
9,2,0.0,1498
9,2,0.0,1514
14,1,1.0,22
14,1,1.0,37
14,1,1.0,47
14,1,1.0,63
14,1,1.0,86
14,1,1.0,96
14,1,1.0,108
14,1,1.0,122
14,1,1.0,129
14,1,1.0,141
14,1,1.0,146
14,1,1.0,152
14,1,1.0,169
14,1,1.0,179
14,1,1.0,199
14,1,1.0,216
14,1,1.0,233
14,1,1.0,245
14,1,1.0,253
14,1,1.0,272
14,1,1.0,280
14,1,1.0,301
14,1,1.0,304
14,1,1.0,313
14,1,1.0,347
14,1,1.0,365
14,1,1.0,388
14,1,1.0,408
14,1,1.0,424
14,1,1.0,433
14,1,1.0,441
14,1,1.0,453
14,1,1.0,464
14,1,1.0,473
14,1,1.0,486
14,1,1.0,505
14,1,1.0,508
14,1,1.0,526
14,1,1.0,533
14,1,1.0,545
14,1,1.0,558
14,1,1.0,562
14,1,1.0,569
14,1,1.0,583
14,1,1.0,596
14,1,1.0,616
14,1,1.0,628
14,1,1.0,652
14,1,1.0,657
14,1,1.0,682
14,1,1.0,692
14,1,1.0,700
14,1,1.0,737
14,1,1.0,745
14,1,1.0,762
14,1,1.0,777
14,1,1.0,808
14,1,1.0,818
10,3,1.0,97
10,3,1.0,104
10,3,1.0,149
10,3,1.0,172
10,3,1.0,214
10,3,1.0,279
10,3,1.0,315
10,3,1.0,504
10,3,1.0,580
10,3,1.0,604
16,2,0.0,32
16,2,0.0,90
16,2,0.0,102
16,2,0.0,147
16,2,0.0,180
16,2,0.0,222
16,2,0.0,277
16,2,0.0,343
16,2,0.0,353
16,2,0.0,376
16,2,0.0,402
16,2,0.0,445
16,2,0.0,463
16,2,0.0,481
16,2,0.0,505
16,2,0.0,527
16,2,0.0,546
16,2,0.0,572
16,2,0.0,583
16,2,0.0,603
16,2,0.0,625
16,2,0.0,645
16,2,0.0,663
16,2,0.0,687
16,2,0.0,706
16,2,0.0,726
16,2,0.0,744
16,2,0.0,773
16,2,0.0,794
16,2,0.0,809
16,2,0.0,825
16,2,0.0,847
16,2,0.0,866
16,2,0.0,884
16,2,0.0,905
16,2,0.0,916
16,2,0.0,930
16,2,0.0,938
16,2,0.0,962
16,2,0.0,1006
16,2,0.0,1018
16,2,0.0,1021
16,2,0.0,1058
16,2,0.0,1070
16,2,0.0,1077
16,2,0.0,1115
16,2,0.0,1127
16,2,0.0,1139
16,2,0.0,1157
16,2,0.0,1206
16,2,0.0,1230
16,2,0.0,1237
16,2,0.0,1249
16,2,0.0,1268
16,2,0.0,1293
16,2,0.0,1304
16,2,0.0,1338
16,2,0.0,1351
16,2,0.0,1372
16,2,0.0,1385
16,2,0.0,1398
16,2,0.0,1424
16,2,0.0,1441
16,2,0.0,1449
16,2,0.0,1484
16,2,0.0,1498
16,2,0.0,1514
14,3,0.0,97
14,3,0.0,122
14,3,0.0,167
14,3,0.0,232
14,3,0.0,297
14,3,0.0,333
14,3,0.0,439
14,3,0.0,499
14,3,0.0,533
14,3,0.0,598
14,3,0.0,622
14,3,0.0,659
14,3,0.0,685
14,3,0.0,736
14,3,0.0,773
14,3,0.0,788
14,3,0.0,835
14,3,0.0,873
14,3,0.0,919
14,3,0.0,945
14,3,0.0,984
14,3,0.0,1043
14,3,0.0,1088
14,3,0.0,1110
14,3,0.0,1147
14,3,0.0,1193
14,3,0.0,1230
14,3,0.0,1263
14,3,0.0,1310
14,3,0.0,1384
14,3,0.0,1464
14,3,0.0,1501
14,3,0.0,1556
14,3,0.0,1565
14,3,0.0,1592
14,3,0.0,1620
14,3,0.0,1658
14,3,0.0,1671
14,3,0.0,1701
16,1,0.5,71
16,1,0.5,138
16,1,0.5,203
16,1,0.5,273
16,1,0.5,330
16,1,0.5,384
16,1,0.5,448
16,1,0.5,491
16,1,0.5,548
16,1,0.5,604
16,1,0.5,656
16,1,0.5,710
16,1,0.5,760
16,1,0.5,828
16,1,0.5,895
16,1,0.5,956
16,1,0.5,1003
16,1,0.5,1049
16,1,0.5,1091
16,1,0.5,1140
16,1,0.5,1197
16,1,0.5,1241
16,1,0.5,1282
16,1,0.5,1331
16,1,0.5,1368
16,1,0.5,1432
16,1,0.5,1487
16,1,0.5,1542
16,1,0.5,1582
12,2,1.0,12
12,2,1.0,38
12,2,1.0,61
12,2,1.0,95
12,2,1.0,120
12,2,1.0,145
12,2,1.0,171
12,2,1.0,198
12,2,1.0,236
12,2,1.0,266
12,2,0.0,32
12,2,0.0,90
12,2,0.0,102
12,2,0.0,147
12,2,0.0,180
12,2,0.0,222
12,2,0.0,277
12,2,0.0,343
12,2,0.0,353
12,2,0.0,376
12,2,0.0,426
12,2,0.0,445
12,2,0.0,481
12,2,0.0,505
12,2,0.0,527
12,2,0.0,546
12,2,0.0,572
12,2,0.0,603
12,2,0.0,625
12,2,0.0,663
12,2,0.0,687
12,2,0.0,706
12,2,0.0,744
12,2,0.0,773
12,2,0.0,809
12,2,0.0,847
12,2,0.0,884
12,2,0.0,916
12,2,0.0,938
12,2,0.0,962
12,2,0.0,1006
12,2,0.0,1021
12,2,0.0,1058
12,2,0.0,1077
12,2,0.0,1115
12,2,0.0,1127
12,2,0.0,1139
12,2,0.0,1206
12,2,0.0,1237
12,2,0.0,1249
12,2,0.0,1268
12,2,0.0,1293
12,2,0.0,1338
12,2,0.0,1351
12,2,0.0,1372
12,2,0.0,1398
12,2,0.0,1441
12,2,0.0,1449
12,2,0.0,1484
12,2,0.0,1498
14,3,1.0,97
14,3,1.0,122
14,3,1.0,167
14,3,1.0,232
14,3,1.0,275
14,3,1.0,297
14,3,1.0,333
14,3,1.0,380
14,3,1.0,439
14,3,1.0,499
14,3,1.0,533
14,3,1.0,598
14,3,1.0,622
14,3,1.0,659
15,1,0.5,71
15,1,0.5,138
15,1,0.5,203
15,1,0.5,273
15,1,0.5,340
15,1,0.5,426
15,1,0.5,491
15,1,0.5,577
15,1,0.5,656
15,1,0.5,713
15,1,0.5,760
15,1,0.5,828
15,1,0.5,913
15,1,0.5,972
15,1,0.5,1029
15,1,0.5,1091
15,1,0.5,1163
15,1,0.5,1241
15,1,0.5,1298
15,1,0.5,1355
15,1,0.5,1432
15,1,0.5,1505
15,1,0.5,1567
16,2,1.0,18
16,2,1.0,49
16,2,1.0,76
16,2,1.0,102
16,2,1.0,120
16,2,1.0,147
16,2,1.0,180
16,2,1.0,197
16,2,1.0,222
16,2,1.0,240
16,2,1.0,277
16,2,1.0,309
16,2,1.0,343
16,2,1.0,353
16,2,1.0,376
16,2,1.0,402
16,2,1.0,426
16,2,1.0,445
16,2,1.0,463
16,2,1.0,481
16,2,1.0,493
16,2,1.0,505
16,2,1.0,527
16,2,1.0,536
16,2,1.0,546
16,2,1.0,559
16,2,1.0,569
16,2,1.0,572
16,2,1.0,583
16,2,1.0,592
16,2,1.0,603
16,2,1.0,608
16,2,1.0,625
16,2,1.0,634
16,2,1.0,645
16,2,1.0,663
16,2,1.0,687
16,2,1.0,706
16,2,1.0,726
16,2,1.0,744
16,2,1.0,773
16,2,1.0,794
16,2,1.0,809
16,2,1.0,818
16,2,1.0,825
16,2,1.0,836
16,2,1.0,847
16,2,1.0,866
16,2,1.0,870
16,2,1.0,873
16,2,1.0,880
16,2,1.0,884
16,2,1.0,896
16,2,1.0,905
16,2,1.0,916
16,2,1.0,922
16,2,1.0,930
16,2,1.0,938
16,2,1.0,962
16,2,1.0,1006
16,2,1.0,1018
16,2,1.0,1021
16,2,1.0,1058
16,2,1.0,1070
16,2,1.0,1077
16,2,1.0,1086
16,2,1.0,1115
16,2,1.0,1127
16,2,1.0,1139
16,2,1.0,1150
16,2,1.0,1157
16,2,1.0,1206
16,2,1.0,1230
16,2,1.0,1237
16,2,1.0,1249
16,2,1.0,1268
16,2,1.0,1293
16,2,1.0,1296
16,2,1.0,1304
16,2,1.0,1338
16,2,1.0,1351
16,2,1.0,1372
16,2,1.0,1385
16,2,1.0,1398
16,2,1.0,1424
16,2,1.0,1441
16,2,1.0,1449
16,2,1.0,1484
16,2,1.0,1498
16,2,1.0,1505
16,2,1.0,1514
18,1,0.5,71
18,1,0.5,138
18,1,0.5,203
18,1,0.5,252
18,1,0.5,290
18,1,0.5,340
18,1,0.5,384
18,1,0.5,448
18,1,0.5,491
18,1,0.5,526
18,1,0.5,577
18,1,0.5,628
18,1,0.5,656
18,1,0.5,710
18,1,0.5,743
18,1,0.5,782
18,1,0.5,828
18,1,0.5,895
18,1,0.5,936
18,1,0.5,972
18,1,0.5,1003
18,1,0.5,1049
18,1,0.5,1091
18,1,0.5,1140
18,1,0.5,1178
18,1,0.5,1225
18,1,0.5,1257
18,1,0.5,1298
18,1,0.5,1341
18,1,0.5,1383
18,1,0.5,1432
18,1,0.5,1487
18,1,0.5,1542
18,1,0.5,1582
10,3,0.0,97
10,3,0.0,122
10,3,0.0,167
10,3,0.0,232
10,3,0.0,275
10,3,0.0,333
10,3,0.0,418
10,3,0.0,499
10,3,0.0,533
10,3,0.0,598
10,3,0.0,622
10,3,0.0,736
10,3,0.0,835
10,3,0.0,919
10,3,0.0,984
10,3,0.0,1088
10,3,0.0,1147
10,3,0.0,1230
10,3,0.0,1271
10,3,0.0,1333
10,3,0.0,1406
10,3,0.0,1501
10,3,0.0,1565
10,3,0.0,1671
9,2,1.0,32
9,2,1.0,102
9,2,1.0,180
9,2,1.0,222
9,2,1.0,353
9,2,1.0,426
9,2,1.0,481
9,2,1.0,546
9,2,1.0,625
9,2,1.0,687
9,2,1.0,744
9,2,1.0,809
9,2,1.0,884
9,2,1.0,938
9,2,1.0,1018
9,2,1.0,1115
9,2,1.0,1206
9,2,1.0,1268
9,2,1.0,1351
14,1,0.0,71
14,1,0.0,138
14,1,0.0,203
14,1,0.0,273
14,1,0.0,340
14,1,0.0,426
14,1,0.0,491
14,1,0.0,577
14,1,0.0,656
14,1,0.0,734
14,1,0.0,805
14,1,0.0,895
14,1,0.0,972
14,1,0.0,1049
14,1,0.0,1117
14,1,0.0,1200
14,1,0.0,1275
14,1,0.0,1355
14,1,0.0,1432
14,1,0.0,1542
8,1,0.5,71
8,1,0.5,138
8,1,0.5,203
8,1,0.5,273
8,1,0.5,340
8,1,0.5,426
8,1,0.5,491
8,1,0.5,577
8,1,0.5,656
8,1,0.5,734
8,1,0.5,805
8,1,0.5,895
8,1,0.5,972
8,1,0.5,1063
8,1,0.5,1123
8,1,0.5,1241
8,1,0.5,1341
8,1,0.5,1432
8,1,0.5,1567
10,1,1.0,71
10,1,1.0,138
10,1,1.0,203
10,1,1.0,273
10,1,1.0,340
10,1,1.0,448
10,1,1.0,499
10,1,1.0,577
10,1,1.0,656
10,1,1.0,734
10,1,1.0,805
10,1,1.0,895
10,1,1.0,972
10,1,1.0,1063
10,1,1.0,1123
10,1,1.0,1200
10,1,1.0,1257
10,1,1.0,1335
10,1,1.0,1433
10,1,1.0,1506
10,1,1.0,1614
5,1,0.5,71
5,1,0.5,138
5,1,0.5,203
5,1,0.5,273
5,1,0.5,340
5,1,0.5,426
5,1,0.5,491
5,1,0.5,577
5,1,0.5,656
5,1,0.5,734
5,1,0.5,805
5,1,0.5,895
5,1,0.5,972
5,1,0.5,1063
5,1,0.5,1157
5,1,0.5,1241
5,1,0.5,1298
5,1,0.5,1355
5,1,0.5,1432
5,1,0.5,1505
5,1,0.5,1567
11,2,0.5,32
11,2,0.5,90
11,2,0.5,102
11,2,0.5,147
11,2,0.5,222
11,2,0.5,277
11,2,0.5,343
11,2,0.5,353
11,2,0.5,402
11,2,0.5,445
11,2,0.5,481
11,2,0.5,505
11,2,0.5,546
11,2,0.5,572
11,2,0.5,603
11,2,0.5,625
11,2,0.5,663
11,2,0.5,687
11,2,0.5,706
11,2,0.5,744
11,2,0.5,773
11,2,0.5,809
11,2,0.5,847
11,2,0.5,884
11,2,0.5,916
11,2,0.5,938
11,2,0.5,962
11,2,0.5,1006
11,2,0.5,1021
11,2,0.5,1058
11,2,0.5,1077
11,2,0.5,1115
11,2,0.5,1127
11,2,0.5,1139
11,2,0.5,1206
11,2,0.5,1237
11,2,0.5,1249
11,2,0.5,1268
11,2,0.5,1293
11,2,0.5,1338
11,2,0.5,1351
11,2,0.5,1372
11,2,0.5,1398
11,2,0.5,1441
11,2,0.5,1449
11,2,0.5,1484
11,2,0.5,1498
11,3,0.5,97
11,3,0.5,122
11,3,0.5,167
11,3,0.5,232
11,3,0.5,275
11,3,0.5,333
11,3,0.5,418
11,3,0.5,499
11,3,0.5,581
11,3,0.5,622
11,3,0.5,685
11,3,0.5,736
11,3,0.5,773
11,3,0.5,835
11,3,0.5,873
11,3,0.5,919
11,3,0.5,945
11,3,0.5,984
11,3,0.5,1043
11,3,0.5,1088
11,3,0.5,1110
11,3,0.5,1147
11,3,0.5,1193
11,3,0.5,1230
11,3,0.5,1263
11,3,0.5,1307
11,3,0.5,1363
11,3,0.5,1406
11,3,0.5,1464
11,3,0.5,1501
11,3,0.5,1545
11,3,0.5,1565
11,3,0.5,1592
11,3,0.5,1620
11,3,0.5,1658
11,3,0.5,1671
11,3,0.5,1701
4,1,1.0,71
4,1,1.0,138
4,1,1.0,203
4,1,1.0,273
4,1,1.0,323
4,1,1.0,431
4,1,1.0,482
4,1,1.0,560
4,1,1.0,639
4,1,1.0,717
4,1,1.0,788
4,1,1.0,878
4,1,1.0,955
4,1,1.0,1032
4,1,1.0,1106
4,1,1.0,1224
4,1,1.0,1293
4,1,1.0,1415
4,1,1.0,1525
19,2,0.0,32
19,2,0.0,90
19,2,0.0,102
19,2,0.0,147
19,2,0.0,180
19,2,0.0,222
19,2,0.0,277
19,2,0.0,343
19,2,0.0,353
19,2,0.0,376
19,2,0.0,402
19,2,0.0,445
19,2,0.0,463
19,2,0.0,481
19,2,0.0,505
19,2,0.0,527
19,2,0.0,546
19,2,0.0,572
19,2,0.0,583
19,2,0.0,603
19,2,0.0,625
19,2,0.0,645
19,2,0.0,663
19,2,0.0,687
19,2,0.0,706
19,2,0.0,726
19,2,0.0,744
19,2,0.0,773
19,2,0.0,794
19,2,0.0,809
19,2,0.0,847
19,2,0.0,884
19,2,0.0,905
19,2,0.0,916
19,2,0.0,930
19,2,0.0,938
19,2,0.0,962
19,2,0.0,1006
19,2,0.0,1018
19,2,0.0,1021
19,2,0.0,1058
19,2,0.0,1070
19,2,0.0,1077
19,2,0.0,1115
19,2,0.0,1127
19,2,0.0,1139
19,2,0.0,1157
19,2,0.0,1206
19,2,0.0,1230
19,2,0.0,1237
19,2,0.0,1249
19,2,0.0,1268
19,2,0.0,1293
19,2,0.0,1304
19,2,0.0,1338
19,2,0.0,1351
19,2,0.0,1372
19,2,0.0,1385
19,2,0.0,1398
19,2,0.0,1424
19,2,0.0,1441
19,2,0.0,1449
19,2,0.0,1484
19,2,0.0,1498
19,2,0.0,1514
1,3,0.5,97
1,3,0.5,122
1,3,0.5,167
1,3,0.5,190
1,3,0.5,232
1,3,0.5,297
1,3,0.5,333
1,3,0.5,439
1,3,0.5,499
1,3,0.5,533
1,3,0.5,598
1,3,0.5,622
1,3,0.5,659
1,3,0.5,685
1,3,0.5,736
1,3,0.5,773
1,3,0.5,788
1,3,0.5,835
1,3,0.5,873
1,3,0.5,919
1,3,0.5,945
1,3,0.5,984
1,3,0.5,1043
1,3,0.5,1088
1,3,0.5,1110
1,3,0.5,1147
1,3,0.5,1193
1,3,0.5,1230
1,3,0.5,1263
1,3,0.5,1310
1,3,0.5,1384
1,3,0.5,1464
1,3,0.5,1501
1,3,0.5,1545
1,3,0.5,1565
1,3,0.5,1592
1,3,0.5,1620
1,3,0.5,1658
1,3,0.5,1671
1,3,0.5,1701
1,2,0.5,18
1,2,0.5,32
1,2,0.5,49
1,2,0.5,60
1,2,0.5,76
1,2,0.5,90
1,2,0.5,102
1,2,0.5,115
1,2,0.5,129
1,2,0.5,147
1,2,0.5,180
1,2,0.5,197
1,2,0.5,222
1,2,0.5,240
1,2,0.5,277
1,2,0.5,309
1,2,0.5,333
1,2,0.5,343
1,2,0.5,353
1,2,0.5,361
1,2,0.5,373
1,2,0.5,385
1,2,0.5,407
1,2,0.5,416
1,2,0.5,426
1,2,0.5,439
1,2,0.5,449
1,2,0.5,460
1,2,0.5,480
1,2,0.5,485
1,2,0.5,502
1,2,0.5,511
1,2,0.5,522
1,2,0.5,540
1,2,0.5,564
1,2,0.5,583
1,2,0.5,603
1,2,0.5,621
1,2,0.5,650
1,2,0.5,671
1,2,0.5,686
1,2,0.5,695
1,2,0.5,702
1,2,0.5,713
1,2,0.5,724
1,2,0.5,743
1,2,0.5,747
1,2,0.5,750
1,2,0.5,757
1,2,0.5,761
1,2,0.5,773
1,2,0.5,782
1,2,0.5,793
1,2,0.5,799
1,2,0.5,807
1,2,0.5,815
1,2,0.5,839
1,2,0.5,883
1,2,0.5,895
1,2,0.5,898
1,2,0.5,935
1,2,0.5,947
1,2,0.5,954
1,2,0.5,963
1,2,0.5,992
1,2,0.5,1004
1,2,0.5,1016
1,2,0.5,1027
1,2,0.5,1034
1,2,0.5,1083
1,2,0.5,1107
1,2,0.5,1114
1,2,0.5,1126
1,2,0.5,1145
1,2,0.5,1170
1,2,0.5,1181
1,2,0.5,1215
1,2,0.5,1228
1,2,0.5,1249
1,2,0.5,1262
1,2,0.5,1275
1,2,0.5,1301
1,2,0.5,1318
1,2,0.5,1326
1,2,0.5,1361
1,2,0.5,1375
1,2,0.5,1391
6,2,0.0,32
6,2,0.0,90
6,2,0.0,102
6,2,0.0,147
6,2,0.0,180
6,2,0.0,222
6,2,0.0,277
6,2,0.0,343
6,2,0.0,353
6,2,0.0,376
6,2,0.0,402
6,2,0.0,445
6,2,0.0,463
6,2,0.0,481
6,2,0.0,505
6,2,0.0,527
6,2,0.0,546
6,2,0.0,572
6,2,0.0,583
6,2,0.0,603
6,2,0.0,625
6,2,0.0,645
6,2,0.0,663
6,2,0.0,687
6,2,0.0,706
6,2,0.0,726
6,2,0.0,744
6,2,0.0,773
6,2,0.0,794
6,2,0.0,809
6,2,0.0,825
6,2,0.0,847
6,2,0.0,866
6,2,0.0,884
6,2,0.0,905
6,2,0.0,916
6,2,0.0,930
6,2,0.0,938
6,2,0.0,962
6,2,0.0,1006
6,2,0.0,1018
6,2,0.0,1021
6,2,0.0,1058
6,2,0.0,1070
6,2,0.0,1077
6,2,0.0,1115
6,2,0.0,1127
6,2,0.0,1139
6,2,0.0,1157
6,2,0.0,1206
6,2,0.0,1230
6,2,0.0,1237
6,2,0.0,1249
6,2,0.0,1268
6,2,0.0,1293
6,2,0.0,1304
6,2,0.0,1338
6,2,0.0,1351
6,2,0.0,1372
6,2,0.0,1385
6,2,0.0,1398
6,2,0.0,1424
6,2,0.0,1441
6,2,0.0,1449
6,2,0.0,1484
6,2,0.0,1498
6,2,0.0,1514
4,3,0.0,104
4,3,0.0,172
4,3,0.0,279
4,3,0.0,421
4,3,0.0,515
4,3,0.0,604
4,3,0.0,718
4,3,0.0,817
4,3,0.0,927
4,3,0.0,1025
4,3,0.0,1092
4,3,0.0,1175
4,3,0.0,1245
4,3,0.0,1366
4,3,0.0,1483
4,3,0.0,1574
4,3,0.0,1653
2,2,1.0,32
2,2,1.0,90
2,2,1.0,102
2,2,1.0,115
2,2,1.0,147
2,2,1.0,180
2,2,1.0,197
2,2,1.0,222
2,2,1.0,240
2,2,1.0,277
2,2,1.0,309
2,2,1.0,333
2,2,1.0,343
2,2,1.0,353
2,2,1.0,361
2,2,1.0,367
2,2,1.0,376
2,2,1.0,402
2,2,1.0,426
2,2,1.0,445
2,2,1.0,463
2,2,1.0,481
2,2,1.0,493
2,2,1.0,505
2,2,1.0,527
2,2,1.0,546
2,2,1.0,559
2,2,1.0,569
2,2,1.0,572
2,2,1.0,583
2,2,1.0,603
2,2,1.0,608
2,2,1.0,625
2,2,1.0,634
2,2,1.0,645
2,2,1.0,663
2,2,1.0,687
2,2,1.0,706
2,2,1.0,726
2,2,1.0,744
2,2,1.0,773
2,2,1.0,794
2,2,1.0,809
2,2,1.0,818
2,2,1.0,825
2,2,1.0,836
2,2,1.0,847
2,2,1.0,866
2,2,1.0,870
2,2,1.0,873
2,2,1.0,880
2,2,1.0,884
2,2,1.0,896
2,2,1.0,905
2,2,1.0,916
2,2,1.0,922
2,2,1.0,930
2,2,1.0,938
2,2,1.0,962
2,2,1.0,1006
2,2,1.0,1018
2,2,1.0,1021
2,2,1.0,1058
2,2,1.0,1070
2,2,1.0,1077
2,2,1.0,1086
2,2,1.0,1115
2,2,1.0,1127
2,2,1.0,1139
2,2,1.0,1150
2,2,1.0,1157
2,2,1.0,1206
2,2,1.0,1230
2,2,1.0,1237
2,2,1.0,1249
2,2,1.0,1268
2,2,1.0,1293
2,2,1.0,1296
2,2,1.0,1304
2,2,1.0,1338
2,2,1.0,1351
2,2,1.0,1372
2,2,1.0,1385
2,2,1.0,1398
2,2,1.0,1424
2,2,1.0,1441
2,2,1.0,1449
2,2,1.0,1484
2,2,1.0,1498
2,2,1.0,1505
2,2,1.0,1514
1,1,1.0,71
1,1,1.0,138
1,1,1.0,203
1,1,1.0,273
1,1,1.0,323
1,1,1.0,431
1,1,1.0,474
1,1,1.0,531
1,1,1.0,587
1,1,1.0,639
1,1,1.0,693
1,1,1.0,726
1,1,1.0,788
1,1,1.0,832
1,1,1.0,896
1,1,1.0,955
1,1,1.0,1012
1,1,1.0,1074
1,1,1.0,1123
1,1,1.0,1189
1,1,1.0,1240
1,1,1.0,1281
1,1,1.0,1338
1,1,1.0,1415
18,2,1.0,32
18,2,1.0,90
18,2,1.0,115
18,2,1.0,147
18,2,1.0,202
18,2,1.0,268
18,2,1.0,301
18,2,1.0,351
18,2,1.0,388
18,2,1.0,430
18,2,1.0,471
18,2,1.0,528
18,2,1.0,588
18,2,1.0,631
18,2,1.0,698
18,2,1.0,734
18,2,1.0,772
18,2,1.0,809
18,2,1.0,841
18,2,1.0,887
18,2,1.0,931
18,2,1.0,995
18,2,1.0,1040
18,2,1.0,1064
18,2,1.0,1131
18,2,1.0,1162
18,2,1.0,1193
18,2,1.0,1229
18,2,1.0,1263
18,2,1.0,1297
18,2,1.0,1323
18,2,1.0,1374
5,1,0.0,71
5,1,0.0,138
5,1,0.0,203
5,1,0.0,273
5,1,0.0,340
5,1,0.0,426
5,1,0.0,491
5,1,0.0,577
5,1,0.0,656
5,1,0.0,734
5,1,0.0,805
5,1,0.0,895
5,1,0.0,972
5,1,0.0,1049
5,1,0.0,1117
5,1,0.0,1200
5,1,0.0,1275
5,1,0.0,1355
5,1,0.0,1432
5,1,0.0,1542
20,3,0.0,97
20,3,0.0,122
20,3,0.0,167
20,3,0.0,232
20,3,0.0,297
20,3,0.0,333
20,3,0.0,418
20,3,0.0,499
20,3,0.0,533
20,3,0.0,598
20,3,0.0,622
20,3,0.0,685
20,3,0.0,736
20,3,0.0,773
20,3,0.0,835
20,3,0.0,873
20,3,0.0,919
20,3,0.0,945
20,3,0.0,1043
20,3,0.0,1088
20,3,0.0,1110
20,3,0.0,1147
20,3,0.0,1193
20,3,0.0,1230
20,3,0.0,1263
20,3,0.0,1310
20,3,0.0,1384
20,3,0.0,1464
20,3,0.0,1501
20,3,0.0,1556
20,3,0.0,1592
20,3,0.0,1658
20,3,0.0,1671
20,3,0.0,1701
17,2,0.5,18
17,2,0.5,32
17,2,0.5,49
17,2,0.5,60
17,2,0.5,72
17,2,0.5,85
17,2,0.5,90
17,2,0.5,99
17,2,0.5,117
17,2,0.5,150
17,2,0.5,167
17,2,0.5,192
17,2,0.5,210
17,2,0.5,247
17,2,0.5,259
17,2,0.5,279
17,2,0.5,283
17,2,0.5,287
17,2,0.5,303
17,2,0.5,313
17,2,0.5,323
17,2,0.5,335
17,2,0.5,347
17,2,0.5,369
17,2,0.5,378
17,2,0.5,388
17,2,0.5,401
17,2,0.5,411
17,2,0.5,422
17,2,0.5,442
17,2,0.5,447
17,2,0.5,464
17,2,0.5,473
17,2,0.5,484
17,2,0.5,502
17,2,0.5,526
17,2,0.5,545
17,2,0.5,565
17,2,0.5,583
17,2,0.5,612
17,2,0.5,633
17,2,0.5,648
17,2,0.5,657
17,2,0.5,664
17,2,0.5,675
17,2,0.5,686
17,2,0.5,705
17,2,0.5,709
17,2,0.5,712
17,2,0.5,719
17,2,0.5,723
17,2,0.5,735
17,2,0.5,744
17,2,0.5,755
17,2,0.5,761
17,2,0.5,769
17,2,0.5,777
17,2,0.5,801
17,2,0.5,845
17,2,0.5,857
17,2,0.5,860
17,2,0.5,897
17,2,0.5,909
17,2,0.5,916
17,2,0.5,925
17,2,0.5,954
17,2,0.5,966
17,2,0.5,978
17,2,0.5,989
17,2,0.5,996
17,2,0.5,1045
17,2,0.5,1069
17,2,0.5,1076
17,2,0.5,1088
17,2,0.5,1107
17,2,0.5,1132
17,2,0.5,1135
17,2,0.5,1143
17,2,0.5,1167
17,2,0.5,1172
17,2,0.5,1177
17,2,0.5,1190
17,2,0.5,1211
17,2,0.5,1220
17,2,0.5,1224
17,2,0.5,1237
17,2,0.5,1252
17,2,0.5,1263
17,2,0.5,1280
17,2,0.5,1288
17,2,0.5,1323
17,2,0.5,1337
17,2,0.5,1343
17,2,0.5,1344
17,2,0.5,1353
17,3,0.5,97
17,3,0.5,122
17,3,0.5,167
17,3,0.5,232
17,3,0.5,297
17,3,0.5,333
17,3,0.5,418
17,3,0.5,499
17,3,0.5,533
17,3,0.5,598
17,3,0.5,622
17,3,0.5,685
17,3,0.5,773
17,3,0.5,835
17,3,0.5,919
17,3,0.5,1043
17,3,0.5,1110
17,3,0.5,1147
17,3,0.5,1230
17,3,0.5,1263
17,3,0.5,1310
17,3,0.5,1384
17,3,0.5,1501
17,3,0.5,1565
17,3,0.5,1671
1,3,0.0,97
1,3,0.0,122
1,3,0.0,167
1,3,0.0,232
1,3,0.0,275
1,3,0.0,333
1,3,0.0,418
1,3,0.0,499
1,3,0.0,533
1,3,0.0,598
1,3,0.0,622
1,3,0.0,736
1,3,0.0,835
1,3,0.0,919
1,3,0.0,984
1,3,0.0,1088
1,3,0.0,1147
1,3,0.0,1230
1,3,0.0,1271
1,3,0.0,1333
1,3,0.0,1384
1,3,0.0,1464
1,3,0.0,1545
1,3,0.0,1592
1,3,0.0,1671
7,2,1.0,32
7,2,1.0,90
7,2,1.0,102
7,2,1.0,180
7,2,1.0,222
7,2,1.0,353
7,2,1.0,399
7,2,1.0,444
7,2,1.0,475
7,2,1.0,535
7,2,1.0,578
7,2,1.0,616
7,2,1.0,681
7,2,1.0,756
7,2,1.0,810
7,2,1.0,890
7,2,1.0,987
7,2,1.0,1078
7,2,1.0,1140
7,2,1.0,1210
5,3,1.0,104
5,3,1.0,149
5,3,1.0,214
5,3,1.0,257
5,3,1.0,315
5,3,1.0,400
5,3,1.0,481
5,3,1.0,515
5,3,1.0,580
5,3,1.0,604
5,3,1.0,641
5,3,1.0,667
5,3,1.0,718
5,3,1.0,755
5,3,1.0,817
5,3,1.0,866
5,3,1.0,901
5,3,1.0,927
5,3,1.0,966
5,3,1.0,1025
5,3,1.0,1070
5,3,1.0,1092
5,3,1.0,1129
5,3,1.0,1168
5,3,1.0,1212
5,3,1.0,1245
5,3,1.0,1289
5,3,1.0,1315
5,3,1.0,1366
5,3,1.0,1388
5,3,1.0,1446
5,3,1.0,1483
5,3,1.0,1527
5,3,1.0,1547
5,3,1.0,1574
5,3,1.0,1602
5,3,1.0,1628
5,3,1.0,1653
5,3,1.0,1683
7,3,0.5,104
7,3,0.5,172
7,3,0.5,214
7,3,0.5,279
7,3,0.5,580
7,3,0.5,667
7,3,0.5,817
7,3,0.5,927
7,3,0.5,1070
7,3,0.5,1245
7,2,0.5,32
7,2,0.5,90
7,2,0.5,102
7,2,0.5,115
7,2,0.5,147
7,2,0.5,202
7,2,0.5,268
7,2,0.5,278
7,2,0.5,301
7,2,0.5,327
7,2,0.5,370
7,2,0.5,388
7,2,0.5,412
7,2,0.5,434
7,2,0.5,453
7,2,0.5,479
7,2,0.5,490
7,2,0.5,510
7,2,0.5,532
7,2,0.5,552
7,2,0.5,570
7,2,0.5,594
7,2,0.5,614
7,2,0.5,632
7,2,0.5,661
7,2,0.5,682
7,2,0.5,697
7,2,0.5,706
7,2,0.5,713
7,2,0.5,735
7,2,0.5,754
7,2,0.5,768
7,2,0.5,772
7,2,0.5,793
7,2,0.5,804
7,2,0.5,818
7,2,0.5,826
7,2,0.5,850
7,2,0.5,894
7,2,0.5,906
7,2,0.5,909
7,2,0.5,946
7,2,0.5,958
7,2,0.5,965
7,2,0.5,1003
7,2,0.5,1015
7,2,0.5,1027
7,2,0.5,1038
7,2,0.5,1045
7,2,0.5,1094
7,2,0.5,1118
7,2,0.5,1125
7,2,0.5,1137
7,2,0.5,1156
7,2,0.5,1181
7,2,0.5,1192
7,2,0.5,1226
7,2,0.5,1239
7,2,0.5,1260
7,2,0.5,1273
7,2,0.5,1286
7,2,0.5,1312
7,2,0.5,1329
7,2,0.5,1337
7,2,0.5,1372
7,2,0.5,1386
3,2,0.0,32
3,2,0.0,90
3,2,0.0,102
3,2,0.0,147
3,2,0.0,180
3,2,0.0,222
3,2,0.0,277
3,2,0.0,343
3,2,0.0,353
3,2,0.0,376
3,2,0.0,402
3,2,0.0,445
3,2,0.0,463
3,2,0.0,481
3,2,0.0,505
3,2,0.0,527
3,2,0.0,546
3,2,0.0,572
3,2,0.0,583
3,2,0.0,603
3,2,0.0,625
3,2,0.0,663
3,2,0.0,687
3,2,0.0,706
3,2,0.0,726
3,2,0.0,744
3,2,0.0,773
3,2,0.0,794
3,2,0.0,809
3,2,0.0,847
3,2,0.0,884
3,2,0.0,905
3,2,0.0,916
3,2,0.0,930
3,2,0.0,938
3,2,0.0,962
3,2,0.0,1006
3,2,0.0,1018
3,2,0.0,1021
3,2,0.0,1058
3,2,0.0,1070
3,2,0.0,1077
3,2,0.0,1115
3,2,0.0,1127
3,2,0.0,1139
3,2,0.0,1157
3,2,0.0,1206
3,2,0.0,1230
3,2,0.0,1237
3,2,0.0,1249
3,2,0.0,1268
3,2,0.0,1293
3,2,0.0,1304
3,2,0.0,1338
3,2,0.0,1351
3,2,0.0,1372
3,2,0.0,1385
3,2,0.0,1398
3,2,0.0,1424
3,2,0.0,1441
3,2,0.0,1449
3,2,0.0,1484
3,2,0.0,1498
3,2,0.0,1514
20,1,1.0,71
20,1,1.0,138
20,1,1.0,203
20,1,1.0,273
20,1,1.0,343
20,1,1.0,421
20,1,1.0,474
20,1,1.0,539
20,1,1.0,611
20,1,1.0,693
20,1,1.0,743
20,1,1.0,811
20,1,1.0,878
20,1,1.0,955
20,1,1.0,1012
20,1,1.0,1074
20,1,1.0,1140
20,1,1.0,1224
20,1,1.0,1281
20,1,1.0,1338
20,1,1.0,1415
20,1,1.0,1470
20,1,1.0,1533
20,1,1.0,1596
13,2,1.0,32
13,2,1.0,90
13,2,1.0,102
13,2,1.0,115
13,2,1.0,147
13,2,1.0,180
13,2,1.0,222
13,2,1.0,277
13,2,1.0,343
13,2,1.0,353
13,2,1.0,376
13,2,1.0,402
13,2,1.0,445
13,2,1.0,481
13,2,1.0,505
13,2,1.0,527
13,2,1.0,546
13,2,1.0,572
13,2,1.0,603
13,2,1.0,625
13,2,1.0,663
13,2,1.0,687
13,2,1.0,706
13,2,1.0,726
13,2,1.0,744
13,2,1.0,773
13,2,1.0,809
13,2,1.0,847
13,2,1.0,884
13,2,1.0,916
13,2,1.0,938
13,2,1.0,962
13,2,1.0,1006
13,2,1.0,1021
13,2,1.0,1058
13,2,1.0,1077
13,2,1.0,1115
13,2,1.0,1127
13,2,1.0,1139
13,2,1.0,1157
13,2,1.0,1206
13,2,1.0,1237
13,2,1.0,1249
13,2,1.0,1268
13,2,1.0,1293
13,2,1.0,1338
13,2,1.0,1351
13,2,1.0,1372
13,2,1.0,1398
13,2,1.0,1441
13,2,1.0,1449
13,2,1.0,1484
13,2,1.0,1498
13,1,0.5,71
13,1,0.5,138
13,1,0.5,203
13,1,0.5,252
13,1,0.5,290
13,1,0.5,340
13,1,0.5,394
13,1,0.5,448
13,1,0.5,491
13,1,0.5,548
13,1,0.5,592
13,1,0.5,640
13,1,0.5,710
13,1,0.5,743
13,1,0.5,782
13,1,0.5,828
13,1,0.5,895
13,1,0.5,936
13,1,0.5,972
13,1,0.5,1003
13,1,0.5,1040
13,1,0.5,1074
13,1,0.5,1117
13,1,0.5,1157
13,1,0.5,1197
13,1,0.5,1241
13,1,0.5,1275
13,1,0.5,1310
13,1,0.5,1355
13,1,0.5,1396
13,1,0.5,1432
13,1,0.5,1462
13,1,0.5,1497
13,1,0.5,1542
13,1,0.5,1582
13,1,0.5,1623
15,3,0.0,104
15,3,0.0,172
15,3,0.0,214
15,3,0.0,279
15,3,0.0,400
15,3,0.0,504
15,3,0.0,580
15,3,0.0,604
15,3,0.0,667
15,3,0.0,755
15,3,0.0,817
15,3,0.0,901
15,3,0.0,966
15,3,0.0,1070
15,3,0.0,1129
15,3,0.0,1212
15,3,0.0,1253
15,3,0.0,1315
15,3,0.0,1388
15,3,0.0,1483
15,3,0.0,1547
15,3,0.0,1602
15,3,0.0,1653
17,2,0.0,32
17,2,0.0,90
17,2,0.0,102
17,2,0.0,147
17,2,0.0,180
17,2,0.0,222
17,2,0.0,277
17,2,0.0,343
17,2,0.0,353
17,2,0.0,376
17,2,0.0,402
17,2,0.0,445
17,2,0.0,463
17,2,0.0,481
17,2,0.0,505
17,2,0.0,527
17,2,0.0,546
17,2,0.0,572
17,2,0.0,583
17,2,0.0,603
17,2,0.0,625
17,2,0.0,645
17,2,0.0,663
17,2,0.0,687
17,2,0.0,706
17,2,0.0,726
17,2,0.0,744
17,2,0.0,773
17,2,0.0,794
17,2,0.0,809
17,2,0.0,825
17,2,0.0,847
17,2,0.0,866
17,2,0.0,884
17,2,0.0,905
17,2,0.0,916
17,2,0.0,930
17,2,0.0,938
17,2,0.0,962
17,2,0.0,1006
17,2,0.0,1018
17,2,0.0,1021
17,2,0.0,1058
17,2,0.0,1070
17,2,0.0,1077
17,2,0.0,1115
17,2,0.0,1127
17,2,0.0,1139
17,2,0.0,1157
17,2,0.0,1206
17,2,0.0,1230
17,2,0.0,1237
17,2,0.0,1249
17,2,0.0,1268
17,2,0.0,1293
17,2,0.0,1304
17,2,0.0,1338
17,2,0.0,1351
17,2,0.0,1372
17,2,0.0,1385
17,2,0.0,1398
17,2,0.0,1424
17,2,0.0,1441
17,2,0.0,1449
17,2,0.0,1484
17,2,0.0,1498
17,2,0.0,1514
11,3,1.0,104
11,3,1.0,172
11,3,1.0,279
11,3,1.0,400
11,3,1.0,481
11,3,1.0,563
11,3,1.0,604
11,3,1.0,667
11,3,1.0,755
11,3,1.0,817
11,3,1.0,901
11,3,1.0,966
11,3,1.0,1070
11,3,1.0,1129
11,3,1.0,1212
11,3,1.0,1253
11,3,1.0,1315
11,3,1.0,1388
11,3,1.0,1483
11,3,1.0,1547
11,3,1.0,1640
3,1,0.5,71
3,1,0.5,138
3,1,0.5,203
3,1,0.5,273
3,1,0.5,340
3,1,0.5,426
3,1,0.5,491
3,1,0.5,577
3,1,0.5,656
3,1,0.5,734
3,1,0.5,805
3,1,0.5,895
3,1,0.5,972
3,1,0.5,1049
3,1,0.5,1117
3,1,0.5,1200
3,1,0.5,1282
3,1,0.5,1355
3,1,0.5,1432
3,1,0.5,1542
15,1,1.0,71
15,1,1.0,138
15,1,1.0,203
15,1,1.0,237
15,1,1.0,290
15,1,1.0,356
15,1,1.0,396
15,1,1.0,447
15,1,1.0,471
15,1,1.0,488
15,1,1.0,525
15,1,1.0,569
15,1,1.0,600
15,1,1.0,646
15,1,1.0,688
15,1,1.0,735
15,1,1.0,777
15,1,1.0,820
15,1,1.0,885
15,1,1.0,915
15,1,1.0,995
15,1,1.0,1035
8,2,0.0,32
8,2,0.0,90
8,2,0.0,102
8,2,0.0,147
8,2,0.0,180
8,2,0.0,222
8,2,0.0,277
8,2,0.0,343
8,2,0.0,353
8,2,0.0,376
8,2,0.0,402
8,2,0.0,445
8,2,0.0,463
8,2,0.0,481
8,2,0.0,505
8,2,0.0,527
8,2,0.0,546
8,2,0.0,572
8,2,0.0,583
8,2,0.0,603
8,2,0.0,625
8,2,0.0,645
8,2,0.0,663
8,2,0.0,687
8,2,0.0,706
8,2,0.0,726
8,2,0.0,744
8,2,0.0,773
8,2,0.0,794
8,2,0.0,809
8,2,0.0,825
8,2,0.0,847
8,2,0.0,866
8,2,0.0,884
8,2,0.0,905
8,2,0.0,916
8,2,0.0,930
8,2,0.0,938
8,2,0.0,962
8,2,0.0,1006
8,2,0.0,1018
8,2,0.0,1021
8,2,0.0,1058
8,2,0.0,1070
8,2,0.0,1077
8,2,0.0,1115
8,2,0.0,1127
8,2,0.0,1139
8,2,0.0,1157
8,2,0.0,1206
8,2,0.0,1230
8,2,0.0,1237
8,2,0.0,1249
8,2,0.0,1268
8,2,0.0,1293
8,2,0.0,1304
8,2,0.0,1338
8,2,0.0,1351
8,2,0.0,1372
8,2,0.0,1385
8,2,0.0,1398
8,2,0.0,1424
8,2,0.0,1441
8,2,0.0,1449
8,2,0.0,1484
8,2,0.0,1498
8,2,0.0,1514
11,1,0.0,71
11,1,0.0,138
11,1,0.0,203
11,1,0.0,273
11,1,0.0,340
11,1,0.0,426
11,1,0.0,491
11,1,0.0,577
11,1,0.0,656
11,1,0.0,734
11,1,0.0,805
11,1,0.0,895
11,1,0.0,972
11,1,0.0,1049
11,1,0.0,1117
11,1,0.0,1200
11,1,0.0,1275
11,1,0.0,1355
11,1,0.0,1432
11,1,0.0,1542
11,1,1.0,71
11,1,1.0,148
11,1,1.0,215
11,1,1.0,303
11,1,1.0,411
11,1,1.0,482
11,1,1.0,555
11,1,1.0,619
11,1,1.0,676
11,1,1.0,745
11,1,1.0,803
11,1,1.0,876
11,1,1.0,935
11,1,1.0,1026
11,1,1.0,1086
11,1,1.0,1163
11,1,1.0,1220
11,1,1.0,1304
11,1,1.0,1395
11,1,1.0,1505
15,1,0.0,71
15,1,0.0,138
15,1,0.0,203
15,1,0.0,273
15,1,0.0,340
15,1,0.0,426
15,1,0.0,491
15,1,0.0,577
15,1,0.0,656
15,1,0.0,734
15,1,0.0,805
15,1,0.0,895
15,1,0.0,972
15,1,0.0,1049
15,1,0.0,1117
15,1,0.0,1200
15,1,0.0,1275
15,1,0.0,1355
15,1,0.0,1432
15,1,0.0,1542
8,2,1.0,18
8,2,1.0,32
8,2,1.0,49
8,2,1.0,60
8,2,1.0,76
8,2,1.0,90
8,2,1.0,102
8,2,1.0,115
8,2,1.0,129
8,2,1.0,147
8,2,1.0,180
8,2,1.0,197
8,2,1.0,222
8,2,1.0,240
8,2,1.0,277
8,2,1.0,289
8,2,1.0,309
8,2,1.0,317
8,2,1.0,333
8,2,1.0,343
8,2,1.0,353
8,2,1.0,361
8,2,1.0,367
8,2,1.0,376
8,2,1.0,402
8,2,1.0,426
8,2,1.0,445
8,2,1.0,463
8,2,1.0,481
8,2,1.0,493
8,2,1.0,505
8,2,1.0,527
8,2,1.0,536
8,2,1.0,546
8,2,1.0,559
8,2,1.0,569
8,2,1.0,572
8,2,1.0,583
8,2,1.0,603
8,2,1.0,608
8,2,1.0,625
8,2,1.0,634
8,2,1.0,645
8,2,1.0,663
8,2,1.0,687
8,2,1.0,706
8,2,1.0,726
8,2,1.0,744
8,2,1.0,773
8,2,1.0,794
8,2,1.0,809
8,2,1.0,818
8,2,1.0,825
8,2,1.0,836
8,2,1.0,847
8,2,1.0,866
8,2,1.0,870
8,2,1.0,873
8,2,1.0,880
8,2,1.0,884
8,2,1.0,896
8,2,1.0,905
8,2,1.0,916
8,2,1.0,922
8,2,1.0,930
8,2,1.0,938
8,2,1.0,962
8,2,1.0,1006
8,2,1.0,1018
8,2,1.0,1021
8,2,1.0,1058
8,2,1.0,1070
8,2,1.0,1077
8,2,1.0,1086
8,2,1.0,1115
8,2,1.0,1127
8,2,1.0,1139
8,2,1.0,1150
8,2,1.0,1157
8,2,1.0,1206
8,2,1.0,1230
8,2,1.0,1237
8,2,1.0,1249
8,2,1.0,1268
8,2,1.0,1293
8,2,1.0,1296
8,2,1.0,1304
8,2,1.0,1338
8,2,1.0,1351
8,2,1.0,1372
8,2,1.0,1385
8,2,1.0,1398
8,2,1.0,1413
8,2,1.0,1424
8,2,1.0,1441
8,2,1.0,1449
8,2,1.0,1484
8,2,1.0,1498
8,2,1.0,1504
8,2,1.0,1505
8,2,1.0,1514
11,3,0.0,104
11,3,0.0,172
11,3,0.0,214
11,3,0.0,279
11,3,0.0,400
11,3,0.0,504
11,3,0.0,580
11,3,0.0,604
11,3,0.0,718
11,3,0.0,817
11,3,0.0,927
11,3,0.0,1025
11,3,0.0,1092
11,3,0.0,1175
11,3,0.0,1245
11,3,0.0,1315
11,3,0.0,1388
11,3,0.0,1483
11,3,0.0,1547
11,3,0.0,1653
17,2,1.0,32
17,2,1.0,102
17,2,1.0,180
17,2,1.0,222
17,2,1.0,343
17,2,1.0,445
17,2,1.0,505
17,2,1.0,572
17,2,1.0,625
17,2,1.0,687
17,2,1.0,754
17,2,1.0,828
17,2,1.0,865
17,2,1.0,919
17,2,1.0,999
17,2,1.0,1096
17,2,1.0,1187
17,2,1.0,1230
17,2,1.0,1285
17,2,1.0,1332
17,2,1.0,1430
10,1,0.5,71
10,1,0.5,138
10,1,0.5,203
10,1,0.5,273
10,1,0.5,330
10,1,0.5,384
10,1,0.5,448
10,1,0.5,491
10,1,0.5,548
10,1,0.5,604
10,1,0.5,656
10,1,0.5,710
10,1,0.5,755
10,1,0.5,805
10,1,0.5,849
10,1,0.5,913
10,1,0.5,972
10,1,0.5,1017
10,1,0.5,1063
10,1,0.5,1117
10,1,0.5,1163
10,1,0.5,1206
10,1,0.5,1257
10,1,0.5,1298
10,1,0.5,1341
10,1,0.5,1383
10,1,0.5,1432
10,1,0.5,1487
10,1,0.5,1542
10,1,0.5,1582
15,3,1.0,122
15,3,1.0,333
15,3,1.0,533
15,3,1.0,622
15,3,1.0,788
15,3,1.0,1043
15,3,1.0,1166
15,3,1.0,1309
15,3,1.0,1495
13,2,0.0,32
13,2,0.0,90
13,2,0.0,102
13,2,0.0,147
13,2,0.0,180
13,2,0.0,222
13,2,0.0,277
13,2,0.0,343
13,2,0.0,353
13,2,0.0,376
13,2,0.0,426
13,2,0.0,445
13,2,0.0,481
13,2,0.0,505
13,2,0.0,527
13,2,0.0,546
13,2,0.0,572
13,2,0.0,603
13,2,0.0,625
13,2,0.0,663
13,2,0.0,687
13,2,0.0,706
13,2,0.0,744
13,2,0.0,773
13,2,0.0,809
13,2,0.0,847
13,2,0.0,884
13,2,0.0,916
13,2,0.0,938
13,2,0.0,962
13,2,0.0,1006
13,2,0.0,1021
13,2,0.0,1058
13,2,0.0,1077
13,2,0.0,1115
13,2,0.0,1127
13,2,0.0,1139
13,2,0.0,1206
13,2,0.0,1237
13,2,0.0,1249
13,2,0.0,1268
13,2,0.0,1293
13,2,0.0,1338
13,2,0.0,1351
13,2,0.0,1372
13,2,0.0,1398
13,2,0.0,1441
13,2,0.0,1449
13,2,0.0,1484
13,2,0.0,1498
3,2,1.0,32
3,2,1.0,90
3,2,1.0,115
3,2,1.0,147
3,2,1.0,180
3,2,1.0,222
3,2,1.0,277
3,2,1.0,333
3,2,1.0,353
3,2,1.0,376
3,2,1.0,402
3,2,1.0,445
3,2,1.0,463
3,2,1.0,487
3,2,1.0,509
3,2,1.0,528
3,2,1.0,562
3,2,1.0,582
3,2,1.0,604
3,2,1.0,624
3,2,1.0,642
3,2,1.0,666
3,2,1.0,685
3,2,1.0,705
3,2,1.0,723
3,2,1.0,752
3,2,1.0,773
3,2,1.0,788
3,2,1.0,804
3,2,1.0,826
3,2,1.0,845
3,2,1.0,859
3,2,1.0,863
3,2,1.0,907
3,2,1.0,919
3,2,1.0,959
3,2,1.0,971
3,2,1.0,978
3,2,1.0,1016
3,2,1.0,1028
3,2,1.0,1040
3,2,1.0,1051
3,2,1.0,1107
3,2,1.0,1138
3,2,1.0,1150
3,2,1.0,1169
3,2,1.0,1194
3,2,1.0,1239
3,2,1.0,1252
3,2,1.0,1273
3,2,1.0,1286
3,2,1.0,1299
3,2,1.0,1325
3,2,1.0,1342
3,2,1.0,1350
3,2,1.0,1385
3,2,1.0,1399
20,1,0.0,71
20,1,0.0,138
20,1,0.0,203
20,1,0.0,273
20,1,0.0,340
20,1,0.0,426
20,1,0.0,491
20,1,0.0,577
20,1,0.0,656
20,1,0.0,734
20,1,0.0,805
20,1,0.0,895
20,1,0.0,972
20,1,0.0,1049
20,1,0.0,1117
20,1,0.0,1200
20,1,0.0,1275
20,1,0.0,1355
20,1,0.0,1432
20,1,0.0,1542
5,3,0.0,97
5,3,0.0,122
5,3,0.0,167
5,3,0.0,232
5,3,0.0,297
5,3,0.0,333
5,3,0.0,418
5,3,0.0,499
5,3,0.0,533
5,3,0.0,598
5,3,0.0,622
5,3,0.0,685
5,3,0.0,736
5,3,0.0,773
5,3,0.0,835
5,3,0.0,873
5,3,0.0,919
5,3,0.0,945
5,3,0.0,1043
5,3,0.0,1088
5,3,0.0,1110
5,3,0.0,1147
5,3,0.0,1193
5,3,0.0,1230
5,3,0.0,1263
5,3,0.0,1310
5,3,0.0,1384
5,3,0.0,1464
5,3,0.0,1501
5,3,0.0,1556
5,3,0.0,1592
5,3,0.0,1658
5,3,0.0,1671
5,3,0.0,1701
7,2,0.0,32
7,2,0.0,90
7,2,0.0,102
7,2,0.0,147
7,2,0.0,180
7,2,0.0,222
7,2,0.0,277
7,2,0.0,343
7,2,0.0,353
7,2,0.0,376
7,2,0.0,402
7,2,0.0,445
7,2,0.0,463
7,2,0.0,481
7,2,0.0,505
7,2,0.0,527
7,2,0.0,546
7,2,0.0,572
7,2,0.0,583
7,2,0.0,603
7,2,0.0,625
7,2,0.0,645
7,2,0.0,663
7,2,0.0,687
7,2,0.0,706
7,2,0.0,726
7,2,0.0,744
7,2,0.0,773
7,2,0.0,794
7,2,0.0,809
7,2,0.0,847
7,2,0.0,884
7,2,0.0,905
7,2,0.0,916
7,2,0.0,930
7,2,0.0,938
7,2,0.0,962
7,2,0.0,1006
7,2,0.0,1018
7,2,0.0,1021
7,2,0.0,1058
7,2,0.0,1070
7,2,0.0,1077
7,2,0.0,1115
7,2,0.0,1127
7,2,0.0,1139
7,2,0.0,1157
7,2,0.0,1206
7,2,0.0,1230
7,2,0.0,1237
7,2,0.0,1249
7,2,0.0,1268
7,2,0.0,1293
7,2,0.0,1304
7,2,0.0,1338
7,2,0.0,1351
7,2,0.0,1372
7,2,0.0,1385
7,2,0.0,1398
7,2,0.0,1424
7,2,0.0,1441
7,2,0.0,1449
7,2,0.0,1484
7,2,0.0,1498
7,2,0.0,1514
9,2,0.5,32
9,2,0.5,90
9,2,0.5,102
9,2,0.5,147
9,2,0.5,202
9,2,0.5,268
9,2,0.5,278
9,2,0.5,301
9,2,0.5,351
9,2,0.5,370
9,2,0.5,406
9,2,0.5,430
9,2,0.5,471
9,2,0.5,497
9,2,0.5,528
9,2,0.5,550
9,2,0.5,588
9,2,0.5,631
9,2,0.5,669
9,2,0.5,698
9,2,0.5,734
9,2,0.5,772
9,2,0.5,809
9,2,0.5,841
9,2,0.5,863
9,2,0.5,887
9,2,0.5,931
9,2,0.5,946
9,2,0.5,995
9,2,0.5,1040
9,2,0.5,1052
9,2,0.5,1082
9,2,0.5,1131
9,2,0.5,1162
9,2,0.5,1174
9,2,0.5,1193
9,2,0.5,1218
9,2,0.5,1263
9,2,0.5,1276
9,2,0.5,1297
9,2,0.5,1323
9,2,0.5,1366
9,2,0.5,1374
9,2,0.5,1409
9,2,0.5,1423
9,3,0.5,97
9,3,0.5,122
9,3,0.5,190
9,3,0.5,232
9,3,0.5,297
9,3,0.5,333
9,3,0.5,439
9,3,0.5,499
9,3,0.5,581
9,3,0.5,622
9,3,0.5,736
9,3,0.5,788
9,3,0.5,835
9,3,0.5,919
9,3,0.5,1043
9,3,0.5,1110
9,3,0.5,1147
9,3,0.5,1230
9,3,0.5,1263
9,3,0.5,1333
9,3,0.5,1384
9,3,0.5,1464
9,3,0.5,1545
9,3,0.5,1592
9,3,0.5,1671
20,1,0.5,71
20,1,0.5,138
20,1,0.5,203
20,1,0.5,252
20,1,0.5,290
20,1,0.5,340
20,1,0.5,384
20,1,0.5,448
20,1,0.5,491
20,1,0.5,526
20,1,0.5,577
20,1,0.5,628
20,1,0.5,656
20,1,0.5,710
20,1,0.5,743
20,1,0.5,782
20,1,0.5,828
20,1,0.5,895
20,1,0.5,936
20,1,0.5,972
20,1,0.5,1003
20,1,0.5,1040
20,1,0.5,1063
20,1,0.5,1117
20,1,0.5,1157
20,1,0.5,1200
20,1,0.5,1241
20,1,0.5,1275
20,1,0.5,1310
20,1,0.5,1355
20,1,0.5,1432
20,1,0.5,1462
20,1,0.5,1542
20,1,0.5,1582
1,3,1.0,21
1,3,1.0,61
1,3,1.0,86
1,3,1.0,117
1,3,1.0,152
1,3,1.0,192
1,3,1.0,212
1,3,1.0,239
1,3,1.0,261
1,3,1.0,285
1,3,1.0,317
1,3,1.0,353
1,3,1.0,390
1,3,1.0,426
1,3,1.0,467
1,3,1.0,519
1,3,1.0,552
4,2,0.5,32
4,2,0.5,90
4,2,0.5,102
4,2,0.5,147
4,2,0.5,180
4,2,0.5,222
4,2,0.5,277
4,2,0.5,343
4,2,0.5,353
4,2,0.5,376
4,2,0.5,402
4,2,0.5,426
4,2,0.5,445
4,2,0.5,463
4,2,0.5,481
4,2,0.5,505
4,2,0.5,527
4,2,0.5,546
4,2,0.5,572
4,2,0.5,583
4,2,0.5,603
4,2,0.5,625
4,2,0.5,645
4,2,0.5,663
4,2,0.5,687
4,2,0.5,706
4,2,0.5,726
4,2,0.5,744
4,2,0.5,773
4,2,0.5,794
4,2,0.5,809
4,2,0.5,847
4,2,0.5,884
4,2,0.5,905
4,2,0.5,916
4,2,0.5,930
4,2,0.5,938
4,2,0.5,962
4,2,0.5,1006
4,2,0.5,1018
4,2,0.5,1021
4,2,0.5,1058
4,2,0.5,1070
4,2,0.5,1077
4,2,0.5,1115
4,2,0.5,1127
4,2,0.5,1139
4,2,0.5,1157
4,2,0.5,1206
4,2,0.5,1230
4,2,0.5,1237
4,2,0.5,1249
4,2,0.5,1268
4,2,0.5,1293
4,2,0.5,1304
4,2,0.5,1338
4,2,0.5,1351
4,2,0.5,1372
4,2,0.5,1385
4,2,0.5,1398
4,2,0.5,1424
4,2,0.5,1441
4,2,0.5,1449
4,2,0.5,1484
4,2,0.5,1498
4,3,0.5,97
4,3,0.5,122
4,3,0.5,167
4,3,0.5,232
4,3,0.5,275
4,3,0.5,333
4,3,0.5,439
4,3,0.5,499
4,3,0.5,581
4,3,0.5,622
4,3,0.5,685
4,3,0.5,773
4,3,0.5,835
4,3,0.5,919
4,3,0.5,984
4,3,0.5,1088
4,3,0.5,1147
4,3,0.5,1230
4,3,0.5,1271
4,3,0.5,1333
4,3,0.5,1384
4,3,0.5,1464
4,3,0.5,1545
4,3,0.5,1628
4,3,0.5,1701
20,3,1.0,77
20,3,1.0,122
20,3,1.0,187
20,3,1.0,229
20,3,1.0,286
20,3,1.0,310
20,3,1.0,347
20,3,1.0,350
20,3,1.0,397
20,3,1.0,428
20,3,1.0,474
20,3,1.0,513
20,3,1.0,550
20,3,1.0,604
20,3,1.0,647
20,3,1.0,691
20,3,1.0,738
20,3,1.0,774
20,3,1.0,817
20,3,1.0,847
18,2,0.0,32
18,2,0.0,90
18,2,0.0,102
18,2,0.0,147
18,2,0.0,180
18,2,0.0,222
18,2,0.0,277
18,2,0.0,343
18,2,0.0,353
18,2,0.0,376
18,2,0.0,402
18,2,0.0,445
18,2,0.0,463
18,2,0.0,481
18,2,0.0,505
18,2,0.0,527
18,2,0.0,546
18,2,0.0,572
18,2,0.0,583
18,2,0.0,603
18,2,0.0,625
18,2,0.0,645
18,2,0.0,663
18,2,0.0,687
18,2,0.0,706
18,2,0.0,726
18,2,0.0,744
18,2,0.0,773
18,2,0.0,794
18,2,0.0,809
18,2,0.0,847
18,2,0.0,884
18,2,0.0,905
18,2,0.0,916
18,2,0.0,930
18,2,0.0,938
18,2,0.0,962
18,2,0.0,1006
18,2,0.0,1018
18,2,0.0,1021
18,2,0.0,1058
18,2,0.0,1070
18,2,0.0,1077
18,2,0.0,1115
18,2,0.0,1127
18,2,0.0,1139
18,2,0.0,1157
18,2,0.0,1206
18,2,0.0,1230
18,2,0.0,1237
18,2,0.0,1249
18,2,0.0,1268
18,2,0.0,1293
18,2,0.0,1304
18,2,0.0,1338
18,2,0.0,1351
18,2,0.0,1372
18,2,0.0,1385
18,2,0.0,1398
18,2,0.0,1424
18,2,0.0,1441
18,2,0.0,1449
18,2,0.0,1484
18,2,0.0,1498
18,2,0.0,1514
5,1,1.0,71
5,1,1.0,89
5,1,1.0,138
5,1,1.0,148
5,1,1.0,175
5,1,1.0,203
5,1,1.0,215
5,1,1.0,236
5,1,1.0,253
5,1,1.0,259
5,1,1.0,276
5,1,1.0,286
5,1,1.0,306
5,1,1.0,323
5,1,1.0,330
5,1,1.0,340
5,1,1.0,372
5,1,1.0,384
5,1,1.0,394
5,1,1.0,399
5,1,1.0,403
5,1,1.0,412
5,1,1.0,416
5,1,1.0,424
5,1,1.0,437
5,1,1.0,445
5,1,1.0,465
5,1,1.0,472
5,1,1.0,494
5,1,1.0,502
5,1,1.0,523
5,1,1.0,538
5,1,1.0,544
5,1,1.0,550
5,1,1.0,574
5,1,1.0,586
5,1,1.0,592
5,1,1.0,595
5,1,1.0,600
5,1,1.0,602
5,1,1.0,656
5,1,1.0,659
5,1,1.0,680
5,1,1.0,689
5,1,1.0,697
5,1,1.0,701
5,1,1.0,706
5,1,1.0,728
5,1,1.0,734
5,1,1.0,743
5,1,1.0,751
5,1,1.0,758
5,1,1.0,765
5,1,1.0,766
5,1,1.0,769
5,1,1.0,773
5,1,1.0,774
5,1,1.0,786
5,1,1.0,795
5,1,1.0,804
5,1,1.0,841
5,1,1.0,859
5,1,1.0,882
5,1,1.0,902
5,1,1.0,918
5,1,1.0,927
5,1,1.0,928
5,1,1.0,934
5,1,1.0,949
5,1,1.0,954
5,1,1.0,963
5,1,1.0,975
5,1,1.0,986
5,1,1.0,994
5,1,1.0,995
5,1,1.0,1009
5,1,1.0,1020
5,1,1.0,1037
5,1,1.0,1060
5,1,1.0,1063
5,1,1.0,1069
5,1,1.0,1086
5,1,1.0,1097
5,1,1.0,1103
5,1,1.0,1109
5,1,1.0,1115
5,1,1.0,1124
5,1,1.0,1143
5,1,1.0,1146
5,1,1.0,1152
5,1,1.0,1171
5,1,1.0,1174
5,1,1.0,1187
5,1,1.0,1203
5,1,1.0,1221
5,1,1.0,1228
5,1,1.0,1244
5,1,1.0,1256
5,1,1.0,1269
5,1,1.0,1277
5,1,1.0,1280
5,1,1.0,1287
5,1,1.0,1301
5,1,1.0,1307
5,1,1.0,1310
5,1,1.0,1314
5,1,1.0,1322
5,1,1.0,1329
5,1,1.0,1334
5,1,1.0,1342
5,1,1.0,1346
5,1,1.0,1350
5,1,1.0,1351
5,1,1.0,1354
5,1,1.0,1366
5,1,1.0,1378
5,1,1.0,1383
5,1,1.0,1402
5,1,1.0,1408
5,1,1.0,1433
5,1,1.0,1443
5,1,1.0,1451
5,1,1.0,1453
5,1,1.0,1459
5,1,1.0,1488
5,1,1.0,1490
5,1,1.0,1496
5,1,1.0,1513
5,1,1.0,1528
5,1,1.0,1533
5,1,1.0,1552
5,1,1.0,1559
5,1,1.0,1569
14,3,0.5,97
14,3,0.5,122
14,3,0.5,167
14,3,0.5,232
14,3,0.5,275
14,3,0.5,333
14,3,0.5,418
14,3,0.5,499
14,3,0.5,533
14,3,0.5,598
14,3,0.5,622
14,3,0.5,659
14,3,0.5,681
14,3,0.5,732
14,3,0.5,769
14,3,0.5,784
14,3,0.5,831
14,3,0.5,869
14,3,0.5,915
14,3,0.5,933
14,3,0.5,980
14,3,0.5,1039
14,3,0.5,1084
14,3,0.5,1106
14,3,0.5,1143
14,3,0.5,1189
14,3,0.5,1226
14,3,0.5,1259
14,3,0.5,1303
14,3,0.5,1329
14,3,0.5,1380
14,3,0.5,1402
14,3,0.5,1460
14,3,0.5,1497
14,3,0.5,1541
14,3,0.5,1561
14,3,0.5,1588
14,3,0.5,1616
14,3,0.5,1654
14,3,0.5,1667
14,3,0.5,1697
14,2,0.5,18
14,2,0.5,32
14,2,0.5,49
14,2,0.5,60
14,2,0.5,76
14,2,0.5,90
14,2,0.5,102
14,2,0.5,115
14,2,0.5,129
14,2,0.5,147
14,2,0.5,180
14,2,0.5,197
14,2,0.5,222
14,2,0.5,240
14,2,0.5,277
14,2,0.5,309
14,2,0.5,333
14,2,0.5,343
14,2,0.5,353
14,2,0.5,361
14,2,0.5,373
14,2,0.5,385
14,2,0.5,407
14,2,0.5,416
14,2,0.5,426
14,2,0.5,439
14,2,0.5,449
14,2,0.5,460
14,2,0.5,480
14,2,0.5,485
14,2,0.5,502
14,2,0.5,511
14,2,0.5,522
14,2,0.5,540
14,2,0.5,564
14,2,0.5,583
14,2,0.5,603
14,2,0.5,621
14,2,0.5,650
14,2,0.5,671
14,2,0.5,686
14,2,0.5,695
14,2,0.5,702
14,2,0.5,713
14,2,0.5,724
14,2,0.5,743
14,2,0.5,747
14,2,0.5,750
14,2,0.5,757
14,2,0.5,761
14,2,0.5,773
14,2,0.5,782
14,2,0.5,793
14,2,0.5,799
14,2,0.5,807
14,2,0.5,815
14,2,0.5,839
14,2,0.5,883
14,2,0.5,895
14,2,0.5,898
14,2,0.5,935
14,2,0.5,947
14,2,0.5,954
14,2,0.5,963
14,2,0.5,992
14,2,0.5,1004
14,2,0.5,1016
14,2,0.5,1027
14,2,0.5,1034
14,2,0.5,1083
14,2,0.5,1107
14,2,0.5,1114
14,2,0.5,1126
14,2,0.5,1145
14,2,0.5,1170
14,2,0.5,1173
14,2,0.5,1181
14,2,0.5,1215
14,2,0.5,1228
14,2,0.5,1249
14,2,0.5,1262
14,2,0.5,1275
14,2,0.5,1290
14,2,0.5,1301
14,2,0.5,1318
14,2,0.5,1326
14,2,0.5,1361
14,2,0.5,1375
14,2,0.5,1381
14,2,0.5,1382
14,2,0.5,1391
19,3,0.5,97
19,3,0.5,122
19,3,0.5,167
19,3,0.5,190
19,3,0.5,232
19,3,0.5,275
19,3,0.5,333
19,3,0.5,499
19,3,0.5,598
19,3,0.5,622
19,3,0.5,773
19,3,0.5,835
19,3,0.5,919
19,3,0.5,945
19,3,0.5,1043
19,3,0.5,1088
19,3,0.5,1110
19,3,0.5,1147
19,3,0.5,1230
19,3,0.5,1263
19,3,0.5,1333
19,3,0.5,1384
19,3,0.5,1501
19,3,0.5,1556
19,3,0.5,1620
19,3,0.5,1671
19,2,0.5,32
19,2,0.5,90
19,2,0.5,102
19,2,0.5,147
19,2,0.5,197
19,2,0.5,222
19,2,0.5,277
19,2,0.5,333
19,2,0.5,353
19,2,0.5,376
19,2,0.5,426
19,2,0.5,463
19,2,0.5,481
19,2,0.5,505
19,2,0.5,527
19,2,0.5,546
19,2,0.5,572
19,2,0.5,603
19,2,0.5,625
19,2,0.5,663
19,2,0.5,687
19,2,0.5,706
19,2,0.5,726
19,2,0.5,773
19,2,0.5,809
19,2,0.5,847
19,2,0.5,884
19,2,0.5,916
19,2,0.5,938
19,2,0.5,962
19,2,0.5,1006
19,2,0.5,1021
19,2,0.5,1058
19,2,0.5,1077
19,2,0.5,1115
19,2,0.5,1127
19,2,0.5,1139
19,2,0.5,1157
19,2,0.5,1206
19,2,0.5,1230
19,2,0.5,1237
19,2,0.5,1249
19,2,0.5,1268
19,2,0.5,1293
19,2,0.5,1304
19,2,0.5,1338
19,2,0.5,1351
19,2,0.5,1372
19,2,0.5,1385
19,2,0.5,1398
19,2,0.5,1424
19,2,0.5,1441
19,2,0.5,1449
19,2,0.5,1484
19,2,0.5,1498
1,1,0.0,71
1,1,0.0,138
1,1,0.0,203
1,1,0.0,273
1,1,0.0,340
1,1,0.0,426
1,1,0.0,491
1,1,0.0,577
1,1,0.0,656
1,1,0.0,734
1,1,0.0,805
1,1,0.0,895
1,1,0.0,972
1,1,0.0,1049
1,1,0.0,1117
1,1,0.0,1200
1,1,0.0,1282
1,1,0.0,1355
1,1,0.0,1432
1,1,0.0,1542
16,3,0.0,104
16,3,0.0,172
16,3,0.0,214
16,3,0.0,279
16,3,0.0,400
16,3,0.0,504
16,3,0.0,580
16,3,0.0,604
16,3,0.0,718
16,3,0.0,817
16,3,0.0,927
16,3,0.0,1025
16,3,0.0,1092
16,3,0.0,1175
16,3,0.0,1245
16,3,0.0,1315
16,3,0.0,1388
16,3,0.0,1483
16,3,0.0,1547
16,3,0.0,1640
11,1,0.5,71
11,1,0.5,138
11,1,0.5,203
11,1,0.5,273
11,1,0.5,340
11,1,0.5,426
11,1,0.5,491
11,1,0.5,556
11,1,0.5,640
11,1,0.5,710
11,1,0.5,760
11,1,0.5,828
11,1,0.5,895
11,1,0.5,972
11,1,0.5,1029
11,1,0.5,1091
11,1,0.5,1157
11,1,0.5,1241
11,1,0.5,1298
11,1,0.5,1355
11,1,0.5,1432
11,1,0.5,1487
11,1,0.5,1550
11,1,0.5,1613
10,2,1.0,32
10,2,1.0,60
10,2,1.0,72
10,2,1.0,85
10,2,1.0,117
10,2,1.0,135
10,2,1.0,167
10,2,1.0,179
10,2,1.0,202
10,2,1.0,226
10,2,1.0,248
10,2,1.0,267
10,2,1.0,290
10,2,1.0,301
10,2,1.0,321
10,2,1.0,343
10,2,1.0,352
10,2,1.0,376
10,2,1.0,396
10,2,1.0,414
10,2,1.0,443
10,2,1.0,448
10,2,1.0,485
10,2,1.0,497
10,2,1.0,509
10,2,1.0,514
10,2,1.0,522
10,2,1.0,546
10,2,1.0,590
10,2,1.0,615
12,3,1.0,21
12,3,1.0,52
12,3,1.0,71
12,3,1.0,97
12,3,1.0,116
12,3,1.0,129
12,3,1.0,138
12,3,1.0,157
12,3,1.0,175
12,3,1.0,191
12,3,1.0,213
12,3,1.0,233
12,3,1.0,252
12,3,1.0,266
12,3,1.0,288
14,2,0.0,32
14,2,0.0,90
14,2,0.0,102
14,2,0.0,147
14,2,0.0,180
14,2,0.0,222
14,2,0.0,277
14,2,0.0,343
14,2,0.0,353
14,2,0.0,376
14,2,0.0,426
14,2,0.0,445
14,2,0.0,481
14,2,0.0,505
14,2,0.0,527
14,2,0.0,546
14,2,0.0,572
14,2,0.0,603
14,2,0.0,625
14,2,0.0,663
14,2,0.0,687
14,2,0.0,706
14,2,0.0,744
14,2,0.0,773
14,2,0.0,809
14,2,0.0,847
14,2,0.0,884
14,2,0.0,916
14,2,0.0,938
14,2,0.0,962
14,2,0.0,1006
14,2,0.0,1021
14,2,0.0,1058
14,2,0.0,1077
14,2,0.0,1115
14,2,0.0,1127
14,2,0.0,1139
14,2,0.0,1206
14,2,0.0,1237
14,2,0.0,1249
14,2,0.0,1268
14,2,0.0,1293
14,2,0.0,1338
14,2,0.0,1351
14,2,0.0,1372
14,2,0.0,1398
14,2,0.0,1441
14,2,0.0,1449
14,2,0.0,1484
14,2,0.0,1498
9,1,1.0,14
9,1,1.0,30
9,1,1.0,47
9,1,1.0,60
9,1,1.0,80
9,1,1.0,91
9,1,1.0,120
9,1,1.0,141
9,1,1.0,154
9,1,1.0,179
9,1,1.0,192
9,1,1.0,210
9,1,1.0,230
9,1,1.0,243
9,1,1.0,261
9,1,1.0,293
16,1,1.0,71
16,1,1.0,138
16,1,1.0,203
16,1,1.0,273
16,1,1.0,343
16,1,1.0,431
16,1,1.0,502
16,1,1.0,560
16,1,1.0,639
16,1,1.0,717
16,1,1.0,788
16,1,1.0,878
16,1,1.0,955
1,1,0.5,71
1,1,0.5,138
1,1,0.5,203
1,1,0.5,273
1,1,0.5,340
1,1,0.5,426
1,1,0.5,491
1,1,0.5,577
1,1,0.5,656
1,1,0.5,713
1,1,0.5,782
1,1,0.5,840
1,1,0.5,913
1,1,0.5,972
1,1,0.5,1029
1,1,0.5,1091
1,1,0.5,1163
1,1,0.5,1241
1,1,0.5,1298
1,1,0.5,1355
1,1,0.5,1432
1,1,0.5,1505
1,1,0.5,1582
12,1,0.0,71
12,1,0.0,138
12,1,0.0,203
12,1,0.0,273
12,1,0.0,340
12,1,0.0,426
12,1,0.0,491
12,1,0.0,577
12,1,0.0,656
12,1,0.0,734
12,1,0.0,805
12,1,0.0,895
12,1,0.0,972
12,1,0.0,1049
12,1,0.0,1117
12,1,0.0,1200
12,1,0.0,1282
12,1,0.0,1355
12,1,0.0,1432
12,1,0.0,1542
9,3,0.0,97
9,3,0.0,122
9,3,0.0,167
9,3,0.0,232
9,3,0.0,297
9,3,0.0,333
9,3,0.0,418
9,3,0.0,499
9,3,0.0,533
9,3,0.0,598
9,3,0.0,622
9,3,0.0,685
9,3,0.0,736
9,3,0.0,773
9,3,0.0,835
9,3,0.0,873
9,3,0.0,919
9,3,0.0,945
9,3,0.0,1043
9,3,0.0,1088
9,3,0.0,1110
9,3,0.0,1147
9,3,0.0,1193
9,3,0.0,1230
9,3,0.0,1263
9,3,0.0,1310
9,3,0.0,1384
9,3,0.0,1464
9,3,0.0,1501
9,3,0.0,1556
9,3,0.0,1592
9,3,0.0,1658
9,3,0.0,1671
9,3,0.0,1701
19,3,1.0,26
19,3,1.0,104
19,3,1.0,172
19,3,1.0,214
19,3,1.0,257
19,3,1.0,315
19,3,1.0,400
19,3,1.0,481
19,3,1.0,563
19,3,1.0,604
19,3,1.0,659
19,3,1.0,718
19,3,1.0,770
19,3,1.0,817
19,3,1.0,882
19,3,1.0,927
19,3,1.0,1025
19,3,1.0,1092
19,3,1.0,1129
19,3,1.0,1212
19,3,1.0,1253
19,3,1.0,1315
19,3,1.0,1366
19,3,1.0,1446
19,3,1.0,1527
19,3,1.0,1610
19,3,1.0,1670
2,1,1.0,71
2,1,1.0,120
2,1,1.0,185
2,1,1.0,255
2,1,1.0,305
2,1,1.0,391
2,1,1.0,456
2,1,1.0,521
2,1,1.0,605
2,1,1.0,675
2,1,1.0,725
2,1,1.0,793
2,1,1.0,878
2,1,1.0,937
2,1,1.0,1005
2,1,1.0,1056
2,1,1.0,1122
2,1,1.0,1206
2,1,1.0,1263
2,1,1.0,1320
2,1,1.0,1397
2,1,1.0,1470
2,1,1.0,1532
15,3,0.5,97
15,3,0.5,122
15,3,0.5,167
15,3,0.5,232
15,3,0.5,275
15,3,0.5,333
15,3,0.5,418
15,3,0.5,499
15,3,0.5,581
15,3,0.5,622
15,3,0.5,736
15,3,0.5,835
15,3,0.5,919
15,3,0.5,984
15,3,0.5,1088
15,3,0.5,1147
15,3,0.5,1230
15,3,0.5,1271
15,3,0.5,1333
15,3,0.5,1406
15,3,0.5,1501
15,3,0.5,1565
15,3,0.5,1620
15,3,0.5,1671
15,2,0.5,32
15,2,0.5,90
15,2,0.5,102
15,2,0.5,147
15,2,0.5,180
15,2,0.5,222
15,2,0.5,277
15,2,0.5,343
15,2,0.5,353
15,2,0.5,376
15,2,0.5,402
15,2,0.5,445
15,2,0.5,481
15,2,0.5,505
15,2,0.5,527
15,2,0.5,546
15,2,0.5,572
15,2,0.5,603
15,2,0.5,625
15,2,0.5,663
15,2,0.5,687
15,2,0.5,725
15,2,0.5,754
15,2,0.5,790
15,2,0.5,828
15,2,0.5,865
15,2,0.5,897
15,2,0.5,919
15,2,0.5,943
15,2,0.5,987
15,2,0.5,1002
15,2,0.5,1051
15,2,0.5,1096
15,2,0.5,1108
15,2,0.5,1120
15,2,0.5,1187
15,2,0.5,1218
15,2,0.5,1230
15,2,0.5,1249
15,2,0.5,1274
15,2,0.5,1319
15,2,0.5,1332
15,2,0.5,1353
15,2,0.5,1379
15,2,0.5,1430
15,2,0.5,1465
15,2,0.5,1479
18,3,0.5,97
18,3,0.5,122
18,3,0.5,167
18,3,0.5,232
18,3,0.5,297
18,3,0.5,333
18,3,0.5,418
18,3,0.5,499
18,3,0.5,581
18,3,0.5,622
18,3,0.5,685
18,3,0.5,689
18,3,0.5,736
18,3,0.5,774
18,3,0.5,820
18,3,0.5,846
18,3,0.5,944
18,3,0.5,948
18,3,0.5,995
18,3,0.5,1069
18,3,0.5,1186
18,3,0.5,1288
18,3,0.5,1356
18,2,0.5,32
18,2,0.5,90
18,2,0.5,102
18,2,0.5,147
18,2,0.5,197
18,2,0.5,222
18,2,0.5,277
18,2,0.5,343
18,2,0.5,353
18,2,0.5,376
18,2,0.5,426
18,2,0.5,445
18,2,0.5,481
18,2,0.5,505
18,2,0.5,546
18,2,0.5,572
18,2,0.5,603
18,2,0.5,625
18,2,0.5,663
18,2,0.5,687
18,2,0.5,706
18,2,0.5,726
18,2,0.5,773
18,2,0.5,809
18,2,0.5,847
18,2,0.5,884
18,2,0.5,916
18,2,0.5,938
18,2,0.5,962
18,2,0.5,1006
18,2,0.5,1021
18,2,0.5,1058
18,2,0.5,1077
18,2,0.5,1115
18,2,0.5,1127
18,2,0.5,1139
18,2,0.5,1157
18,2,0.5,1206
18,2,0.5,1230
18,2,0.5,1249
18,2,0.5,1268
18,2,0.5,1293
18,2,0.5,1304
18,2,0.5,1338
18,2,0.5,1351
18,2,0.5,1372
18,2,0.5,1385
18,2,0.5,1398
18,2,0.5,1424
18,2,0.5,1441
18,2,0.5,1449
18,2,0.5,1484
18,2,0.5,1498
6,1,0.0,71
6,1,0.0,138
6,1,0.0,203
6,1,0.0,273
6,1,0.0,340
6,1,0.0,426
6,1,0.0,491
6,1,0.0,577
6,1,0.0,656
6,1,0.0,734
6,1,0.0,805
6,1,0.0,895
6,1,0.0,972
6,1,0.0,1049
6,1,0.0,1117
6,1,0.0,1200
6,1,0.0,1282
6,1,0.0,1355
6,1,0.0,1432
6,1,0.0,1542
19,1,0.0,71
19,1,0.0,138
19,1,0.0,203
19,1,0.0,273
19,1,0.0,340
19,1,0.0,426
19,1,0.0,491
19,1,0.0,577
19,1,0.0,656
19,1,0.0,734
19,1,0.0,805
19,1,0.0,895
19,1,0.0,972
19,1,0.0,1049
19,1,0.0,1117
19,1,0.0,1200
19,1,0.0,1275
19,1,0.0,1355
19,1,0.0,1432
19,1,0.0,1542
4,2,1.0,32
4,2,1.0,60
4,2,1.0,90
4,2,1.0,102
4,2,1.0,115
4,2,1.0,129
4,2,1.0,147
4,2,1.0,164
4,2,1.0,182
4,2,1.0,219
4,2,1.0,251
4,2,1.0,275
4,2,1.0,295
4,2,1.0,303
4,2,1.0,315
4,2,1.0,327
4,2,1.0,349
4,2,1.0,358
4,2,1.0,368
4,2,1.0,392
4,2,1.0,401
4,2,1.0,412
4,2,1.0,430
4,2,1.0,454
4,2,1.0,474
4,2,1.0,492
4,2,1.0,521
4,2,1.0,542
4,2,1.0,557
4,2,1.0,566
4,2,1.0,573
4,2,1.0,584
4,2,1.0,595
4,2,1.0,614
4,2,1.0,618
4,2,1.0,621
4,2,1.0,628
4,2,1.0,632
4,2,1.0,644
4,2,1.0,653
4,2,1.0,664
4,2,1.0,670
4,2,1.0,678
4,2,1.0,686
4,2,1.0,710
4,2,1.0,727
4,2,1.0,754
4,2,1.0,766
4,2,1.0,769
4,2,1.0,806
4,2,1.0,818
4,2,1.0,825
4,2,1.0,834
4,2,1.0,863
4,2,1.0,875
4,2,1.0,887
4,2,1.0,898
4,2,1.0,905
4,2,1.0,954
4,2,1.0,978
4,2,1.0,985
4,2,1.0,997
4,2,1.0,1016
2,3,0.0,97
2,3,0.0,122
2,3,0.0,167
2,3,0.0,232
2,3,0.0,297
2,3,0.0,333
2,3,0.0,439
2,3,0.0,499
2,3,0.0,533
2,3,0.0,598
2,3,0.0,622
2,3,0.0,659
2,3,0.0,681
2,3,0.0,732
2,3,0.0,769
2,3,0.0,784
2,3,0.0,831
2,3,0.0,869
2,3,0.0,915
2,3,0.0,941
2,3,0.0,980
2,3,0.0,1039
2,3,0.0,1084
2,3,0.0,1106
2,3,0.0,1143
2,3,0.0,1189
2,3,0.0,1226
2,3,0.0,1259
2,3,0.0,1306
2,3,0.0,1380
2,3,0.0,1460
2,3,0.0,1497
2,3,0.0,1541
2,3,0.0,1561
2,3,0.0,1588
2,3,0.0,1616
2,3,0.0,1654
2,3,0.0,1667
2,3,0.0,1697
8,2,0.5,32
8,2,0.5,90
8,2,0.5,102
8,2,0.5,147
8,2,0.5,202
8,2,0.5,268
8,2,0.5,278
8,2,0.5,301
8,2,0.5,327
8,2,0.5,370
8,2,0.5,406
8,2,0.5,430
8,2,0.5,471
8,2,0.5,505
8,2,0.5,525
8,2,0.5,547
8,2,0.5,585
8,2,0.5,609
8,2,0.5,647
8,2,0.5,676
8,2,0.5,712
8,2,0.5,750
8,2,0.5,787
8,2,0.5,819
8,2,0.5,841
8,2,0.5,865
8,2,0.5,909
8,2,0.5,924
8,2,0.5,973
8,2,0.5,1018
8,2,0.5,1030
8,2,0.5,1042
8,2,0.5,1109
8,2,0.5,1140
8,2,0.5,1152
8,2,0.5,1171
8,2,0.5,1196
8,2,0.5,1241
8,2,0.5,1254
8,2,0.5,1275
8,2,0.5,1301
8,2,0.5,1352
8,2,0.5,1387
8,2,0.5,1401
8,3,0.5,104
8,3,0.5,172
8,3,0.5,279
8,3,0.5,421
8,3,0.5,515
8,3,0.5,604
8,3,0.5,718
8,3,0.5,817
8,3,0.5,927
8,3,0.5,1025
8,3,0.5,1092
8,3,0.5,1190
8,3,0.5,1253
8,3,0.5,1366
8,3,0.5,1483
8,3,0.5,1646
6,3,1.0,97
6,3,1.0,122
6,3,1.0,167
6,3,1.0,232
6,3,1.0,297
6,3,1.0,367
6,3,1.0,499
6,3,1.0,581
6,3,1.0,622
6,3,1.0,773
6,3,1.0,835
6,3,1.0,919
6,3,1.0,1010
6,3,1.0,1088
6,3,1.0,1110
6,3,1.0,1147
6,3,1.0,1208
6,3,1.0,1263
6,3,1.0,1333
6,3,1.0,1384
6,3,1.0,1501
6,3,1.0,1565
6,3,1.0,1628
6,3,1.0,1671
5,2,0.5,32
5,2,0.5,90
5,2,0.5,102
5,2,0.5,147
5,2,0.5,202
5,2,0.5,268
5,2,0.5,278
5,2,0.5,301
5,2,0.5,327
5,2,0.5,351
5,2,0.5,370
5,2,0.5,388
5,2,0.5,406
5,2,0.5,418
5,2,0.5,430
5,2,0.5,452
5,2,0.5,471
5,2,0.5,484
5,2,0.5,497
5,2,0.5,508
5,2,0.5,528
5,2,0.5,550
5,2,0.5,559
5,2,0.5,570
5,2,0.5,588
5,2,0.5,612
5,2,0.5,632
5,2,0.5,650
5,2,0.5,679
5,2,0.5,700
5,2,0.5,715
5,2,0.5,724
5,2,0.5,731
5,2,0.5,742
5,2,0.5,753
5,2,0.5,772
5,2,0.5,790
5,2,0.5,802
5,2,0.5,811
5,2,0.5,822
5,2,0.5,828
5,2,0.5,836
5,2,0.5,844
5,2,0.5,868
5,2,0.5,912
5,2,0.5,924
5,2,0.5,927
5,2,0.5,964
5,2,0.5,976
5,2,0.5,983
5,2,0.5,992
5,2,0.5,1021
5,2,0.5,1033
5,2,0.5,1045
5,2,0.5,1056
5,2,0.5,1063
5,2,0.5,1112
5,2,0.5,1136
5,2,0.5,1143
5,2,0.5,1155
5,2,0.5,1174
5,2,0.5,1199
5,2,0.5,1202
5,2,0.5,1210
5,2,0.5,1244
5,2,0.5,1257
5,2,0.5,1278
5,2,0.5,1291
5,2,0.5,1304
5,2,0.5,1330
5,2,0.5,1347
5,2,0.5,1355
5,2,0.5,1390
5,2,0.5,1404
5,2,0.5,1410
5,2,0.5,1420
5,3,0.5,104
5,3,0.5,149
5,3,0.5,214
5,3,0.5,279
5,3,0.5,315
5,3,0.5,400
5,3,0.5,481
5,3,0.5,515
5,3,0.5,580
5,3,0.5,604
5,3,0.5,667
5,3,0.5,718
5,3,0.5,755
5,3,0.5,817
5,3,0.5,901
5,3,0.5,927
5,3,0.5,1025
5,3,0.5,1070
5,3,0.5,1092
5,3,0.5,1129
5,3,0.5,1175
5,3,0.5,1212
5,3,0.5,1245
5,3,0.5,1292
5,3,0.5,1366
5,3,0.5,1446
5,3,0.5,1527
5,3,0.5,1574
5,3,0.5,1640
5,3,0.5,1683
6,3,0.0,97
6,3,0.0,122
6,3,0.0,167
6,3,0.0,232
6,3,0.0,275
6,3,0.0,333
6,3,0.0,418
6,3,0.0,499
6,3,0.0,533
6,3,0.0,598
6,3,0.0,622
6,3,0.0,685
6,3,0.0,736
6,3,0.0,773
6,3,0.0,835
6,3,0.0,873
6,3,0.0,919
6,3,0.0,945
6,3,0.0,1043
6,3,0.0,1088
6,3,0.0,1110
6,3,0.0,1147
6,3,0.0,1193
6,3,0.0,1230
6,3,0.0,1263
6,3,0.0,1310
6,3,0.0,1384
6,3,0.0,1464
6,3,0.0,1501
6,3,0.0,1556
6,3,0.0,1592
6,3,0.0,1658
6,3,0.0,1701
6,3,0.5,104
6,3,0.5,149
6,3,0.5,214
6,3,0.5,279
6,3,0.5,315
6,3,0.5,421
6,3,0.5,481
6,3,0.5,563
6,3,0.5,604
6,2,0.5,32
6,2,0.5,90
6,2,0.5,102
6,2,0.5,147
6,2,0.5,197
6,2,0.5,222
6,2,0.5,277
6,2,0.5,343
6,2,0.5,376
6,2,0.5,426
6,2,0.5,463
6,2,0.5,481
6,2,0.5,505
6,2,0.5,546
6,2,0.5,572
6,2,0.5,603
6,2,0.5,625
6,2,0.5,663
6,2,0.5,687
6,2,0.5,706
6,2,0.5,744
6,2,0.5,773
6,2,0.5,809
6,2,0.5,847
6,2,0.5,884
6,2,0.5,916
6,2,0.5,938
6,2,0.5,962
6,2,0.5,1006
6,2,0.5,1058
6,2,0.5,1077
6,2,0.5,1115
6,2,0.5,1127
6,2,0.5,1157
6,2,0.5,1206
6,2,0.5,1237
6,2,0.5,1268
6,2,0.5,1293
6,2,0.5,1338
6,2,0.5,1351
6,2,0.5,1372
6,2,0.5,1398
6,2,0.5,1441
6,2,0.5,1484
2,3,1.0,97
2,3,1.0,122
2,3,1.0,167
2,3,1.0,232
2,3,1.0,297
2,3,1.0,333
2,3,1.0,499
2,3,1.0,533
2,3,1.0,598
2,3,1.0,622
2,3,1.0,659
2,3,1.0,685
2,3,1.0,773
2,3,1.0,835
2,3,1.0,919
2,3,1.0,945
2,3,1.0,1043
2,3,1.0,1088
2,3,1.0,1110
2,3,1.0,1147
2,3,1.0,1193
2,3,1.0,1263
2,3,1.0,1333
2,3,1.0,1384
2,3,1.0,1464
19,1,1.0,71
19,1,1.0,89
19,1,1.0,138
19,1,1.0,203
19,1,1.0,273
19,1,1.0,340
19,1,1.0,448
19,1,1.0,491
19,1,1.0,577
19,1,1.0,656
19,1,1.0,713
19,1,1.0,782
19,1,1.0,840
19,1,1.0,913
19,1,1.0,972
19,1,1.0,1029
19,1,1.0,1091
19,1,1.0,1157
19,1,1.0,1241
19,1,1.0,1298
19,1,1.0,1355
19,1,1.0,1432
19,1,1.0,1462
19,1,1.0,1542
19,1,1.0,1613
4,2,0.0,32
4,2,0.0,90
4,2,0.0,102
4,2,0.0,147
4,2,0.0,180
4,2,0.0,222
4,2,0.0,277
4,2,0.0,343
4,2,0.0,353
4,2,0.0,376
4,2,0.0,426
4,2,0.0,445
4,2,0.0,481
4,2,0.0,505
4,2,0.0,527
4,2,0.0,546
4,2,0.0,572
4,2,0.0,603
4,2,0.0,625
4,2,0.0,663
4,2,0.0,687
4,2,0.0,706
4,2,0.0,744
4,2,0.0,773
4,2,0.0,809
4,2,0.0,847
4,2,0.0,884
4,2,0.0,916
4,2,0.0,938
4,2,0.0,962
4,2,0.0,1006
4,2,0.0,1021
4,2,0.0,1058
4,2,0.0,1077
4,2,0.0,1115
4,2,0.0,1127
4,2,0.0,1139
4,2,0.0,1206
4,2,0.0,1237
4,2,0.0,1249
4,2,0.0,1268
4,2,0.0,1293
4,2,0.0,1338
4,2,0.0,1351
4,2,0.0,1372
4,2,0.0,1398
4,2,0.0,1441
4,2,0.0,1449
4,2,0.0,1484
4,2,0.0,1498
6,1,1.0,71
6,1,1.0,138
6,1,1.0,203
6,1,1.0,273
6,1,1.0,340
6,1,1.0,448
6,1,1.0,519
6,1,1.0,604
6,1,1.0,710
6,1,1.0,760
6,1,1.0,828
6,1,1.0,913
6,1,1.0,988
6,1,1.0,1049
6,1,1.0,1117
6,1,1.0,1200
6,1,1.0,1257
6,1,1.0,1334
6,1,1.0,1432
6,1,1.0,1542
2,1,0.0,71
2,1,0.0,138
2,1,0.0,203
2,1,0.0,273
2,1,0.0,340
2,1,0.0,426
2,1,0.0,491
2,1,0.0,577
2,1,0.0,656
2,1,0.0,734
2,1,0.0,805
2,1,0.0,895
2,1,0.0,972
2,1,0.0,1049
2,1,0.0,1117
2,1,0.0,1200
2,1,0.0,1282
2,1,0.0,1355
2,1,0.0,1432
2,1,0.0,1542
19,3,0.0,104
19,3,0.0,172
19,3,0.0,214
19,3,0.0,279
19,3,0.0,400
19,3,0.0,504
19,3,0.0,580
19,3,0.0,604
19,3,0.0,667
19,3,0.0,755
19,3,0.0,817
19,3,0.0,901
19,3,0.0,966
19,3,0.0,1070
19,3,0.0,1129
19,3,0.0,1212
19,3,0.0,1253
19,3,0.0,1315
19,3,0.0,1388
19,3,0.0,1483
19,3,0.0,1547
19,3,0.0,1640
16,2,0.5,32
16,2,0.5,102
16,2,0.5,147
16,2,0.5,202
16,2,0.5,268
16,2,0.5,301
16,2,0.5,351
16,2,0.5,388
16,2,0.5,430
16,2,0.5,471
16,2,0.5,525
16,2,0.5,567
16,2,0.5,609
16,2,0.5,647
16,2,0.5,697
16,2,0.5,750
16,2,0.5,787
16,2,0.5,819
16,2,0.5,865
16,2,0.5,909
16,2,0.5,961
16,2,0.5,1018
16,2,0.5,1053
16,2,0.5,1109
16,2,0.5,1152
16,2,0.5,1196
16,2,0.5,1241
16,2,0.5,1275
16,2,0.5,1327
16,2,0.5,1387
16,3,0.5,97
16,3,0.5,122
16,3,0.5,167
16,3,0.5,232
16,3,0.5,297
16,3,0.5,333
16,3,0.5,499
16,3,0.5,533
16,3,0.5,598
16,3,0.5,622
16,3,0.5,659
16,3,0.5,681
16,3,0.5,769
16,3,0.5,831
16,3,0.5,869
16,3,0.5,915
16,3,0.5,941
16,3,0.5,1039
16,3,0.5,1084
16,3,0.5,1106
16,3,0.5,1143
16,3,0.5,1189
16,3,0.5,1238
16,3,0.5,1259
16,3,0.5,1306
16,3,0.5,1380
16,3,0.5,1497
16,3,0.5,1552
16,3,0.5,1667
9,3,1.0,84
9,3,1.0,134
9,3,1.0,207
9,3,1.0,273
9,3,1.0,325
9,3,1.0,384
9,3,1.0,455
9,3,1.0,533
9,3,1.0,572
9,3,1.0,634
9,3,1.0,680
9,3,1.0,726
9,3,1.0,753
9,3,1.0,846
9,3,1.0,913
9,3,1.0,966
9,3,1.0,1033
9,3,1.0,1084
9,3,1.0,1185
9,3,1.0,1249
9,3,1.0,1316
9,3,1.0,1374
9,3,1.0,1427
9,3,1.0,1508
9,3,1.0,1565
9,3,1.0,1634
9,3,1.0,1697
9,3,1.0,1739
9,3,1.0,1829
12,1,1.0,71
12,1,1.0,138
12,1,1.0,203
12,1,1.0,253
12,1,1.0,297
12,1,1.0,361
12,1,1.0,404
12,1,1.0,439
12,1,1.0,490
12,1,1.0,541
12,1,1.0,586
12,1,1.0,621
12,1,1.0,676
12,1,1.0,717
12,1,1.0,769
12,1,1.0,810
12,1,1.0,872
12,1,1.0,938
12,1,1.0,987
12,1,1.0,1038
12,1,1.0,1079
2,1,0.5,71
2,1,0.5,138
2,1,0.5,203
2,1,0.5,273
2,1,0.5,340
2,1,0.5,448
2,1,0.5,499
2,1,0.5,577
2,1,0.5,656
2,1,0.5,734
2,1,0.5,805
2,1,0.5,895
2,1,0.5,972
2,1,0.5,1049
2,1,0.5,1123
2,1,0.5,1206
2,1,0.5,1282
2,1,0.5,1355
2,1,0.5,1432
2,1,0.5,1542
2,1,0.5,1613
16,1,0.0,71
16,1,0.0,138
16,1,0.0,203
16,1,0.0,273
16,1,0.0,340
16,1,0.0,426
16,1,0.0,491
16,1,0.0,577
16,1,0.0,656
16,1,0.0,734
16,1,0.0,805
16,1,0.0,895
16,1,0.0,972
16,1,0.0,1049
16,1,0.0,1117
16,1,0.0,1200
16,1,0.0,1275
16,1,0.0,1355
16,1,0.0,1432
16,1,0.0,1542
14,2,1.0,32
14,2,1.0,102
14,2,1.0,147
14,2,1.0,222
14,2,1.0,277
14,2,1.0,343
14,2,1.0,402
14,2,1.0,445
14,2,1.0,481
14,2,1.0,527
14,2,1.0,572
14,2,1.0,607
14,2,1.0,644
14,2,1.0,686
14,2,1.0,724
14,2,1.0,774
14,2,1.0,816
14,2,1.0,864
14,2,1.0,910
14,2,1.0,942
14,2,1.0,986
14,2,1.0,1038
14,2,1.0,1095
14,2,1.0,1137
14,2,1.0,1186
14,2,1.0,1217
14,2,1.0,1273
14,2,1.0,1318
14,2,1.0,1352
14,2,1.0,1404
14,2,1.0,1478
9,1,0.0,71
9,1,0.0,138
9,1,0.0,203
9,1,0.0,273
9,1,0.0,340
9,1,0.0,426
9,1,0.0,491
9,1,0.0,577
9,1,0.0,656
9,1,0.0,734
9,1,0.0,805
9,1,0.0,895
9,1,0.0,972
9,1,0.0,1049
9,1,0.0,1117
9,1,0.0,1200
9,1,0.0,1275
9,1,0.0,1355
9,1,0.0,1432
9,1,0.0,1542
12,1,0.5,71
12,1,0.5,138
12,1,0.5,203
12,1,0.5,252
12,1,0.5,290
12,1,0.5,340
12,1,0.5,384
12,1,0.5,438
12,1,0.5,478
12,1,0.5,519
12,1,0.5,577
12,1,0.5,628
12,1,0.5,710
12,1,0.5,743
12,1,0.5,805
12,1,0.5,840
12,1,0.5,895
12,1,0.5,956
12,1,0.5,1003
12,1,0.5,1049
12,1,0.5,1091
12,1,0.5,1140
12,1,0.5,1178
12,1,0.5,1225
12,1,0.5,1257
12,1,0.5,1298
12,1,0.5,1341
12,1,0.5,1383
12,1,0.5,1432
12,1,0.5,1462
12,1,0.5,1505
12,1,0.5,1542
12,1,0.5,1582
12,1,0.5,1613
12,3,0.0,97
12,3,0.0,122
12,3,0.0,167
12,3,0.0,232
12,3,0.0,297
12,3,0.0,333
12,3,0.0,439
12,3,0.0,499
12,3,0.0,533
12,3,0.0,598
12,3,0.0,622
12,3,0.0,659
12,3,0.0,685
12,3,0.0,736
12,3,0.0,773
12,3,0.0,788
12,3,0.0,835
12,3,0.0,873
12,3,0.0,919
12,3,0.0,945
12,3,0.0,984
12,3,0.0,1043
12,3,0.0,1088
12,3,0.0,1110
12,3,0.0,1147
12,3,0.0,1186
12,3,0.0,1230
12,3,0.0,1263
12,3,0.0,1310
12,3,0.0,1363
12,3,0.0,1406
12,3,0.0,1464
12,3,0.0,1501
12,3,0.0,1545
12,3,0.0,1565
12,3,0.0,1592
12,3,0.0,1620
12,3,0.0,1658
12,3,0.0,1671
12,3,0.0,1701
10,2,0.0,32
10,2,0.0,90
10,2,0.0,102
10,2,0.0,147
10,2,0.0,180
10,2,0.0,222
10,2,0.0,277
10,2,0.0,343
10,2,0.0,353
10,2,0.0,376
10,2,0.0,402
10,2,0.0,445
10,2,0.0,463
10,2,0.0,481
10,2,0.0,505
10,2,0.0,527
10,2,0.0,546
10,2,0.0,572
10,2,0.0,583
10,2,0.0,603
10,2,0.0,625
10,2,0.0,645
10,2,0.0,663
10,2,0.0,687
10,2,0.0,706
10,2,0.0,726
10,2,0.0,744
10,2,0.0,773
10,2,0.0,794
10,2,0.0,809
10,2,0.0,825
10,2,0.0,847
10,2,0.0,866
10,2,0.0,884
10,2,0.0,905
10,2,0.0,916
10,2,0.0,930
10,2,0.0,938
10,2,0.0,962
10,2,0.0,1006
10,2,0.0,1018
10,2,0.0,1021
10,2,0.0,1058
10,2,0.0,1070
10,2,0.0,1077
10,2,0.0,1115
10,2,0.0,1127
10,2,0.0,1139
10,2,0.0,1157
10,2,0.0,1206
10,2,0.0,1230
10,2,0.0,1237
10,2,0.0,1249
10,2,0.0,1268
10,2,0.0,1293
10,2,0.0,1304
10,2,0.0,1338
10,2,0.0,1351
10,2,0.0,1372
10,2,0.0,1385
10,2,0.0,1398
10,2,0.0,1424
10,2,0.0,1441
10,2,0.0,1449
10,2,0.0,1484
10,2,0.0,1498
10,2,0.0,1514
16,3,1.0,97
16,3,1.0,167
16,3,1.0,232
16,3,1.0,233
16,3,1.0,318
16,3,1.0,392
16,3,1.0,393
16,3,1.0,476
16,3,1.0,477
16,3,1.0,538
16,3,1.0,539
16,3,1.0,603
16,3,1.0,604
16,3,1.0,669
16,3,1.0,670
16,3,1.0,721
16,3,1.0,722
16,3,1.0,802
16,3,1.0,803
16,3,1.0,867
16,3,1.0,868
16,3,1.0,928
16,3,1.0,929
8,3,0.0,97
8,3,0.0,122
8,3,0.0,167
8,3,0.0,232
8,3,0.0,275
8,3,0.0,333
8,3,0.0,418
8,3,0.0,499
8,3,0.0,533
8,3,0.0,598
8,3,0.0,622
8,3,0.0,685
8,3,0.0,736
8,3,0.0,773
8,3,0.0,835
8,3,0.0,873
8,3,0.0,919
8,3,0.0,945
8,3,0.0,1043
8,3,0.0,1088
8,3,0.0,1110
8,3,0.0,1147
8,3,0.0,1193
8,3,0.0,1230
8,3,0.0,1263
8,3,0.0,1310
8,3,0.0,1384
8,3,0.0,1464
8,3,0.0,1501
8,3,0.0,1556
8,3,0.0,1592
8,3,0.0,1658
8,3,0.0,1671
8,3,0.0,1701
13,1,0.0,71
13,1,0.0,138
13,1,0.0,203
13,1,0.0,273
13,1,0.0,340
13,1,0.0,426
13,1,0.0,491
13,1,0.0,577
13,1,0.0,656
13,1,0.0,734
13,1,0.0,805
13,1,0.0,895
13,1,0.0,972
13,1,0.0,1049
13,1,0.0,1117
13,1,0.0,1200
13,1,0.0,1275
13,1,0.0,1355
13,1,0.0,1432
13,1,0.0,1542
9,1,0.5,71
9,1,0.5,138
9,1,0.5,203
9,1,0.5,253
9,1,0.5,307
9,1,0.5,361
9,1,0.5,404
9,1,0.5,439
9,1,0.5,490
9,1,0.5,524
9,1,0.5,563
9,1,0.5,609
9,1,0.5,668
9,1,0.5,699
9,1,0.5,736
9,1,0.5,787
9,1,0.5,836
9,1,0.5,877
9,1,0.5,918
9,1,0.5,961
9,1,0.5,1038
9,1,0.5,1093
9,1,0.5,1148
9,1,0.5,1188
4,1,0.5,71
4,1,0.5,138
4,1,0.5,203
4,1,0.5,273
4,1,0.5,340
4,1,0.5,448
4,1,0.5,499
4,1,0.5,577
4,1,0.5,656
4,1,0.5,734
4,1,0.5,805
4,1,0.5,895
4,1,0.5,972
4,1,0.5,1049
4,1,0.5,1117
4,1,0.5,1200
4,1,0.5,1282
4,1,0.5,1355
4,1,0.5,1432
4,1,0.5,1542
17,1,1.0,71
17,1,1.0,138
17,1,1.0,203
17,1,1.0,273
17,1,1.0,323
17,1,1.0,409
17,1,1.0,474
17,1,1.0,560
17,1,1.0,639
17,1,1.0,696
17,1,1.0,788
17,1,1.0,878
17,1,1.0,955
20,2,0.5,32
20,2,0.5,90
20,2,0.5,102
20,2,0.5,147
20,2,0.5,202
20,2,0.5,268
20,2,0.5,278
20,2,0.5,301
20,2,0.5,327
20,2,0.5,370
20,2,0.5,388
20,2,0.5,406
20,2,0.5,418
20,2,0.5,430
20,2,0.5,452
20,2,0.5,471
20,2,0.5,497
20,2,0.5,508
20,2,0.5,528
20,2,0.5,550
20,2,0.5,570
20,2,0.5,588
20,2,0.5,612
20,2,0.5,632
20,2,0.5,650
20,2,0.5,679
20,2,0.5,700
20,2,0.5,715
20,2,0.5,724
20,2,0.5,731
20,2,0.5,742
20,2,0.5,753
20,2,0.5,772
20,2,0.5,786
20,2,0.5,790
20,2,0.5,811
20,2,0.5,822
20,2,0.5,836
20,2,0.5,844
20,2,0.5,868
20,2,0.5,912
20,2,0.5,924
20,2,0.5,927
20,2,0.5,964
20,2,0.5,976
20,2,0.5,983
20,2,0.5,992
20,2,0.5,1021
20,2,0.5,1033
20,2,0.5,1045
20,2,0.5,1056
20,2,0.5,1063
20,2,0.5,1112
20,2,0.5,1136
20,2,0.5,1143
20,2,0.5,1155
20,2,0.5,1174
20,2,0.5,1199
20,2,0.5,1210
20,2,0.5,1244
20,2,0.5,1257
20,2,0.5,1278
20,2,0.5,1291
20,2,0.5,1304
20,2,0.5,1330
20,2,0.5,1347
20,2,0.5,1355
20,2,0.5,1390
20,2,0.5,1404
20,3,0.5,104
20,3,0.5,172
20,3,0.5,214
20,3,0.5,279
20,3,0.5,481
20,3,0.5,580
20,3,0.5,604
20,3,0.5,667
20,3,0.5,755
20,3,0.5,817
20,3,0.5,901
20,3,0.5,1025
20,3,0.5,1092
20,3,0.5,1175
20,3,0.5,1245
20,3,0.5,1315
20,3,0.5,1388
20,3,0.5,1483
20,3,0.5,1574
20,3,0.5,1653
8,1,1.0,71
8,1,1.0,138
8,1,1.0,203
8,1,1.0,273
8,1,1.0,340
8,1,1.0,448
8,1,1.0,499
8,1,1.0,577
8,1,1.0,656
8,1,1.0,713
8,1,1.0,782
8,1,1.0,840
8,1,1.0,913
8,1,1.0,981
8,1,1.0,1049
8,1,1.0,1117
8,1,1.0,1178
8,1,1.0,1241
8,1,1.0,1298
8,1,1.0,1355
8,1,1.0,1432
8,1,1.0,1497
8,1,1.0,1567
15,2,0.0,32
15,2,0.0,90
15,2,0.0,102
15,2,0.0,147
15,2,0.0,180
15,2,0.0,222
15,2,0.0,277
15,2,0.0,343
15,2,0.0,353
15,2,0.0,376
15,2,0.0,402
15,2,0.0,445
15,2,0.0,463
15,2,0.0,481
15,2,0.0,505
15,2,0.0,527
15,2,0.0,546
15,2,0.0,572
15,2,0.0,583
15,2,0.0,603
15,2,0.0,625
15,2,0.0,645
15,2,0.0,663
15,2,0.0,687
15,2,0.0,706
15,2,0.0,726
15,2,0.0,744
15,2,0.0,773
15,2,0.0,794
15,2,0.0,809
15,2,0.0,825
15,2,0.0,847
15,2,0.0,866
15,2,0.0,884
15,2,0.0,905
15,2,0.0,916
15,2,0.0,930
15,2,0.0,938
15,2,0.0,962
15,2,0.0,1006
15,2,0.0,1018
15,2,0.0,1021
15,2,0.0,1058
15,2,0.0,1070
15,2,0.0,1077
15,2,0.0,1115
15,2,0.0,1127
15,2,0.0,1139
15,2,0.0,1157
15,2,0.0,1206
15,2,0.0,1230
15,2,0.0,1237
15,2,0.0,1249
15,2,0.0,1268
15,2,0.0,1293
15,2,0.0,1304
15,2,0.0,1338
15,2,0.0,1351
15,2,0.0,1372
15,2,0.0,1385
15,2,0.0,1398
15,2,0.0,1424
15,2,0.0,1441
15,2,0.0,1449
15,2,0.0,1484
15,2,0.0,1498
15,2,0.0,1514
13,3,1.0,97
13,3,1.0,122
13,3,1.0,167
13,3,1.0,257
13,3,1.0,297
13,3,1.0,333
13,3,1.0,499
13,3,1.0,581
13,3,1.0,622
14,1,0.5,71
14,1,0.5,138
14,1,0.5,203
14,1,0.5,273
14,1,0.5,340
14,1,0.5,448
14,1,0.5,519
14,1,0.5,640
14,1,0.5,713
14,1,0.5,805
14,1,0.5,895
14,1,0.5,972
14,1,0.5,1049
14,1,0.5,1123
14,1,0.5,1200
14,1,0.5,1275
14,1,0.5,1355
14,1,0.5,1432
14,1,0.5,1542
11,2,1.0,32
11,2,1.0,90
11,2,1.0,147
11,2,1.0,222
11,2,1.0,277
11,2,1.0,343
11,2,1.0,376
11,2,1.0,426
11,2,1.0,463
11,2,1.0,509
11,2,1.0,551
11,2,1.0,604
11,2,1.0,642
11,2,1.0,685
11,2,1.0,752
11,2,1.0,788
11,2,1.0,859
11,2,1.0,895
11,2,1.0,941
11,2,1.0,985
11,2,1.0,1037
11,2,1.0,1094
11,2,1.0,1136
11,2,1.0,1185
11,2,1.0,1216
11,2,1.0,1247
11,2,1.0,1283
11,2,1.0,1330
11,2,1.0,1377
11,2,1.0,1428
11,2,1.0,1477
17,3,0.0,97
17,3,0.0,122
17,3,0.0,167
17,3,0.0,232
17,3,0.0,297
17,3,0.0,333
17,3,0.0,418
17,3,0.0,499
17,3,0.0,533
17,3,0.0,598
17,3,0.0,622
17,3,0.0,736
17,3,0.0,773
17,3,0.0,835
17,3,0.0,919
17,3,0.0,945
17,3,0.0,1043
17,3,0.0,1088
17,3,0.0,1110
17,3,0.0,1147
17,3,0.0,1193
17,3,0.0,1230
17,3,0.0,1263
17,3,0.0,1310
17,3,0.0,1384
17,3,0.0,1464
17,3,0.0,1501
17,3,0.0,1556
17,3,0.0,1592
17,3,0.0,1658
17,3,0.0,1671
17,3,0.0,1701
19,1,0.5,71
19,1,0.5,138
19,1,0.5,203
19,1,0.5,273
19,1,0.5,340
19,1,0.5,426
19,1,0.5,491
19,1,0.5,577
19,1,0.5,656
19,1,0.5,734
19,1,0.5,805
19,1,0.5,895
19,1,0.5,972
19,1,0.5,1049
19,1,0.5,1117
19,1,0.5,1200
19,1,0.5,1275
19,1,0.5,1355
19,1,0.5,1432
19,1,0.5,1542
7,3,1.0,97
7,3,1.0,190
7,3,1.0,297
7,3,1.0,418
7,3,1.0,499
7,3,1.0,581
7,3,1.0,622
7,3,1.0,685
7,3,1.0,770
7,3,1.0,842
7,3,1.0,907
7,3,1.0,985
7,3,1.0,1046
7,3,1.0,1126
7,3,1.0,1200
7,3,1.0,1280
7,3,1.0,1361
1,2,0.0,32
1,2,0.0,90
1,2,0.0,102
1,2,0.0,147
1,2,0.0,180
1,2,0.0,222
1,2,0.0,277
1,2,0.0,343
1,2,0.0,353
1,2,0.0,376
1,2,0.0,402
1,2,0.0,445
1,2,0.0,463
1,2,0.0,481
1,2,0.0,505
1,2,0.0,527
1,2,0.0,546
1,2,0.0,572
1,2,0.0,583
1,2,0.0,603
1,2,0.0,625
1,2,0.0,663
1,2,0.0,687
1,2,0.0,706
1,2,0.0,726
1,2,0.0,744
1,2,0.0,773
1,2,0.0,794
1,2,0.0,809
1,2,0.0,847
1,2,0.0,884
1,2,0.0,905
1,2,0.0,916
1,2,0.0,930
1,2,0.0,938
1,2,0.0,962
1,2,0.0,1006
1,2,0.0,1018
1,2,0.0,1021
1,2,0.0,1058
1,2,0.0,1070
1,2,0.0,1077
1,2,0.0,1115
1,2,0.0,1127
1,2,0.0,1139
1,2,0.0,1157
1,2,0.0,1206
1,2,0.0,1230
1,2,0.0,1237
1,2,0.0,1249
1,2,0.0,1268
1,2,0.0,1293
1,2,0.0,1304
1,2,0.0,1338
1,2,0.0,1351
1,2,0.0,1372
1,2,0.0,1385
1,2,0.0,1398
1,2,0.0,1424
1,2,0.0,1441
1,2,0.0,1449
1,2,0.0,1484
1,2,0.0,1498
1,2,0.0,1514
3,3,0.0,97
3,3,0.0,122
3,3,0.0,167
3,3,0.0,232
3,3,0.0,297
3,3,0.0,333
3,3,0.0,439
3,3,0.0,522
3,3,0.0,598
3,3,0.0,622
3,3,0.0,736
3,3,0.0,835
3,3,0.0,919
3,3,0.0,1043
3,3,0.0,1110
3,3,0.0,1193
3,3,0.0,1263
3,3,0.0,1333
3,3,0.0,1406
3,3,0.0,1501
3,3,0.0,1565
3,3,0.0,1671
5,2,1.0,18
5,2,1.0,35
5,2,1.0,46
5,2,1.0,58
5,2,1.0,71
5,2,1.0,85
5,2,1.0,103
5,2,1.0,136
5,2,1.0,185
5,2,1.0,217
5,2,1.0,240
5,2,1.0,267
5,2,1.0,291
5,2,1.0,310
5,2,1.0,321
5,2,1.0,343
5,2,1.0,362
5,2,1.0,383
5,2,1.0,401
5,2,1.0,430
5,2,1.0,438
5,2,1.0,471
5,2,1.0,483
5,2,1.0,495
5,2,1.0,500
5,2,1.0,523
5,2,1.0,532
5,2,1.0,548
5,2,1.0,564
5,2,1.0,584
5,2,1.0,602
5,2,1.0,628
18,1,0.0,71
18,1,0.0,138
18,1,0.0,203
18,1,0.0,273
18,1,0.0,340
18,1,0.0,426
18,1,0.0,491
18,1,0.0,577
18,1,0.0,656
18,1,0.0,734
18,1,0.0,805
18,1,0.0,895
18,1,0.0,972
18,1,0.0,1049
18,1,0.0,1117
18,1,0.0,1200
18,1,0.0,1282
18,1,0.0,1355
18,1,0.0,1432
18,1,0.0,1542
7,1,0.0,71
7,1,0.0,138
7,1,0.0,203
7,1,0.0,273
7,1,0.0,340
7,1,0.0,426
7,1,0.0,491
7,1,0.0,577
7,1,0.0,656
7,1,0.0,734
7,1,0.0,805
7,1,0.0,895
7,1,0.0,972
7,1,0.0,1049
7,1,0.0,1117
7,1,0.0,1200
7,1,0.0,1275
7,1,0.0,1355
7,1,0.0,1432
7,1,0.0,1542
10,2,0.5,32
10,2,0.5,102
10,2,0.5,147
10,2,0.5,222
10,2,0.5,343
10,2,0.5,376
10,2,0.5,445
10,2,0.5,481
10,2,0.5,546
10,2,0.5,603
10,2,0.5,663
10,2,0.5,706
10,2,0.5,773
10,2,0.5,847
10,2,0.5,884
10,2,0.5,938
10,2,0.5,1006
10,2,0.5,1070
10,2,0.5,1115
10,2,0.5,1206
10,2,0.5,1249
10,2,0.5,1293
10,2,0.5,1351
10,2,0.5,1398
10,2,0.5,1449
10,3,0.5,104
10,3,0.5,172
10,3,0.5,214
10,3,0.5,279
10,3,0.5,362
10,3,0.5,451
10,3,0.5,515
10,3,0.5,580
10,3,0.5,604
10,3,0.5,690
10,3,0.5,755
10,3,0.5,817
10,3,0.5,901
10,3,0.5,966
10,3,0.5,1070
10,3,0.5,1129
10,3,0.5,1212
10,3,0.5,1253
10,3,0.5,1315
10,3,0.5,1388
10,3,0.5,1483
10,3,0.5,1547
10,3,0.5,1610
10,3,0.5,1670
20,2,0.0,32
20,2,0.0,90
20,2,0.0,102
20,2,0.0,147
20,2,0.0,180
20,2,0.0,222
20,2,0.0,277
20,2,0.0,343
20,2,0.0,353
20,2,0.0,376
20,2,0.0,402
20,2,0.0,445
20,2,0.0,463
20,2,0.0,481
20,2,0.0,505
20,2,0.0,527
20,2,0.0,546
20,2,0.0,572
20,2,0.0,583
20,2,0.0,603
20,2,0.0,625
20,2,0.0,645
20,2,0.0,663
20,2,0.0,687
20,2,0.0,706
20,2,0.0,726
20,2,0.0,744
20,2,0.0,773
20,2,0.0,794
20,2,0.0,809
20,2,0.0,825
20,2,0.0,847
20,2,0.0,866
20,2,0.0,884
20,2,0.0,905
20,2,0.0,916
20,2,0.0,930
20,2,0.0,938
20,2,0.0,962
20,2,0.0,1006
20,2,0.0,1018
20,2,0.0,1021
20,2,0.0,1058
20,2,0.0,1070
20,2,0.0,1077
20,2,0.0,1115
20,2,0.0,1127
20,2,0.0,1139
20,2,0.0,1157
20,2,0.0,1206
20,2,0.0,1230
20,2,0.0,1237
20,2,0.0,1249
20,2,0.0,1268
20,2,0.0,1293
20,2,0.0,1304
20,2,0.0,1338
20,2,0.0,1351
20,2,0.0,1372
20,2,0.0,1385
20,2,0.0,1398
20,2,0.0,1424
20,2,0.0,1441
20,2,0.0,1449
20,2,0.0,1484
20,2,0.0,1498
20,2,0.0,1514
3,1,1.0,71
3,1,1.0,138
3,1,1.0,203
3,1,1.0,252
3,1,1.0,307
3,1,1.0,360
3,1,1.0,448
3,1,1.0,499
3,1,1.0,577
3,1,1.0,640
3,1,1.0,710
3,1,1.0,760
3,1,1.0,828
3,1,1.0,895
3,1,1.0,972
3,1,1.0,1029
3,1,1.0,1091
3,1,1.0,1157
3,1,1.0,1241
3,1,1.0,1298
3,1,1.0,1355
3,1,1.0,1432
3,1,1.0,1505
3,1,1.0,1582
18,3,1.0,26
18,3,1.0,97
18,3,1.0,167
18,3,1.0,232
18,3,1.0,275
18,3,1.0,333
18,3,1.0,418
18,3,1.0,492
18,3,1.0,533
18,3,1.0,598
18,3,1.0,622
18,3,1.0,685
18,3,1.0,736
18,3,1.0,788
18,3,1.0,835
18,3,1.0,884
18,3,1.0,919
18,3,1.0,945
18,3,1.0,984
18,3,1.0,1043
18,3,1.0,1088
18,3,1.0,1110
18,3,1.0,1147
18,3,1.0,1186
18,3,1.0,1230
18,3,1.0,1263
18,3,1.0,1310
18,3,1.0,1363
18,3,1.0,1406
18,3,1.0,1464
18,3,1.0,1513
18,3,1.0,1552
18,3,1.0,1585
18,3,1.0,1628
18,3,1.0,1671
13,3,0.5,97
13,3,0.5,122
13,3,0.5,167
13,3,0.5,232
13,3,0.5,297
13,3,0.5,333
13,3,0.5,418
13,3,0.5,499
13,3,0.5,533
13,3,0.5,598
13,3,0.5,622
13,3,0.5,659
13,3,0.5,681
13,3,0.5,732
13,3,0.5,769
13,3,0.5,831
13,3,0.5,869
13,3,0.5,915
13,3,0.5,941
13,3,0.5,1006
13,3,0.5,1084
13,3,0.5,1106
13,3,0.5,1143
13,3,0.5,1189
13,3,0.5,1226
13,3,0.5,1259
13,3,0.5,1303
13,3,0.5,1380
13,3,0.5,1460
13,3,0.5,1497
13,3,0.5,1552
13,3,0.5,1588
13,3,0.5,1624
13,3,0.5,1667
13,3,0.5,1697
13,2,0.5,32
13,2,0.5,102
13,2,0.5,147
13,2,0.5,268
13,2,0.5,301
13,2,0.5,353
13,2,0.5,407
13,2,0.5,439
13,2,0.5,472
13,2,0.5,518
13,2,0.5,574
13,2,0.5,668
13,2,0.5,692
13,2,0.5,753
13,2,0.5,784
13,2,0.5,815
13,2,0.5,898
18,3,0.0,97
18,3,0.0,122
18,3,0.0,167
18,3,0.0,232
18,3,0.0,297
18,3,0.0,333
18,3,0.0,418
18,3,0.0,499
18,3,0.0,533
18,3,0.0,598
18,3,0.0,622
18,3,0.0,685
18,3,0.0,736
18,3,0.0,773
18,3,0.0,835
18,3,0.0,873
18,3,0.0,919
18,3,0.0,945
18,3,0.0,1043
18,3,0.0,1088
18,3,0.0,1110
18,3,0.0,1147
18,3,0.0,1193
18,3,0.0,1230
18,3,0.0,1263
18,3,0.0,1310
18,3,0.0,1384
18,3,0.0,1464
18,3,0.0,1501
18,3,0.0,1556
18,3,0.0,1592
18,3,0.0,1658
18,3,0.0,1671
18,3,0.0,1701
20,2,1.0,32
20,2,1.0,102
20,2,1.0,147
20,2,1.0,196
20,2,1.0,262
20,2,1.0,295
20,2,1.0,345
20,2,1.0,382
20,2,1.0,435
20,2,1.0,472
20,2,1.0,513
20,2,1.0,542
20,2,1.0,584
20,2,1.0,613
20,2,1.0,638
20,2,1.0,675
20,2,1.0,748
3,1,0.0,71
3,1,0.0,138
3,1,0.0,203
3,1,0.0,273
3,1,0.0,340
3,1,0.0,426
3,1,0.0,491
3,1,0.0,577
3,1,0.0,656
3,1,0.0,734
3,1,0.0,805
3,1,0.0,895
3,1,0.0,972
3,1,0.0,1049
3,1,0.0,1117
3,1,0.0,1200
3,1,0.0,1275
3,1,0.0,1355
3,1,0.0,1432
3,1,0.0,1542
7,1,1.0,71
7,1,1.0,138
7,1,1.0,203
7,1,1.0,273
7,1,1.0,340
7,1,1.0,426
7,1,1.0,478
7,1,1.0,526
7,1,1.0,592
7,1,1.0,649
7,1,1.0,710
7,1,1.0,760
7,1,1.0,805
7,1,1.0,895
7,1,1.0,972
7,1,1.0,1029
7,1,1.0,1091
7,1,1.0,1163
7,1,1.0,1241
7,1,1.0,1310
7,1,1.0,1383
7,1,1.0,1432
7,1,1.0,1505
7,1,1.0,1567
5,2,0.0,32
5,2,0.0,90
5,2,0.0,102
5,2,0.0,147
5,2,0.0,180
5,2,0.0,222
5,2,0.0,277
5,2,0.0,343
5,2,0.0,353
5,2,0.0,376
5,2,0.0,402
5,2,0.0,445
5,2,0.0,463
5,2,0.0,481
5,2,0.0,505
5,2,0.0,527
5,2,0.0,546
5,2,0.0,572
5,2,0.0,583
5,2,0.0,603
5,2,0.0,625
5,2,0.0,645
5,2,0.0,663
5,2,0.0,687
5,2,0.0,706
5,2,0.0,726
5,2,0.0,744
5,2,0.0,773
5,2,0.0,794
5,2,0.0,809
5,2,0.0,825
5,2,0.0,847
5,2,0.0,866
5,2,0.0,884
5,2,0.0,905
5,2,0.0,916
5,2,0.0,930
5,2,0.0,938
5,2,0.0,962
5,2,0.0,1006
5,2,0.0,1018
5,2,0.0,1021
5,2,0.0,1058
5,2,0.0,1070
5,2,0.0,1077
5,2,0.0,1115
5,2,0.0,1127
5,2,0.0,1139
5,2,0.0,1157
5,2,0.0,1206
5,2,0.0,1230
5,2,0.0,1237
5,2,0.0,1249
5,2,0.0,1268
5,2,0.0,1293
5,2,0.0,1304
5,2,0.0,1338
5,2,0.0,1351
5,2,0.0,1372
5,2,0.0,1385
5,2,0.0,1398
5,2,0.0,1424
5,2,0.0,1441
5,2,0.0,1449
5,2,0.0,1484
5,2,0.0,1498
5,2,0.0,1514
18,1,1.0,71
18,1,1.0,89
18,1,1.0,115
18,1,1.0,138
18,1,1.0,203
18,1,1.0,273
18,1,1.0,290
18,1,1.0,307
18,1,1.0,313
18,1,1.0,340
18,1,1.0,360
18,1,1.0,377
18,1,1.0,384
18,1,1.0,426
18,1,1.0,438
18,1,1.0,448
18,1,1.0,453
18,1,1.0,478
18,1,1.0,491
18,1,1.0,499
18,1,1.0,519
18,1,1.0,526
18,1,1.0,548
18,1,1.0,556
18,1,1.0,577
18,1,1.0,592
18,1,1.0,598
18,1,1.0,604
18,1,1.0,628
18,1,1.0,640
18,1,1.0,646
18,1,1.0,649
18,1,1.0,654
18,1,1.0,656
18,1,1.0,710
18,1,1.0,713
18,1,1.0,734
18,1,1.0,743
18,1,1.0,751
18,1,1.0,755
18,1,1.0,760
18,1,1.0,782
18,1,1.0,788
18,1,1.0,797
18,1,1.0,805
18,1,1.0,812
18,1,1.0,828
18,1,1.0,840
18,1,1.0,849
18,1,1.0,858
18,1,1.0,895
18,1,1.0,913
18,1,1.0,936
18,1,1.0,956
18,1,1.0,972
18,1,1.0,981
18,1,1.0,982
18,1,1.0,988
18,1,1.0,1003
18,1,1.0,1008
18,1,1.0,1017
18,1,1.0,1029
18,1,1.0,1040
18,1,1.0,1048
18,1,1.0,1049
18,1,1.0,1063
18,1,1.0,1074
18,1,1.0,1091
18,1,1.0,1117
18,1,1.0,1123
18,1,1.0,1140
18,1,1.0,1157
18,1,1.0,1163
18,1,1.0,1169
18,1,1.0,1178
18,1,1.0,1197
18,1,1.0,1200
18,1,1.0,1206
18,1,1.0,1225
18,1,1.0,1228
18,1,1.0,1241
18,1,1.0,1257
18,1,1.0,1275
18,1,1.0,1282
18,1,1.0,1298
18,1,1.0,1310
18,1,1.0,1323
18,1,1.0,1331
18,1,1.0,1334
18,1,1.0,1341
18,1,1.0,1355
18,1,1.0,1361
18,1,1.0,1364
18,1,1.0,1368
18,1,1.0,1376
18,1,1.0,1383
18,1,1.0,1388
18,1,1.0,1396
18,1,1.0,1404
18,1,1.0,1405
18,1,1.0,1408
18,1,1.0,1420
18,1,1.0,1432
18,1,1.0,1437
18,1,1.0,1456
18,1,1.0,1462
18,1,1.0,1487
18,1,1.0,1497
18,1,1.0,1505
18,1,1.0,1513
18,1,1.0,1542
18,1,1.0,1544
18,1,1.0,1550
18,1,1.0,1567
18,1,1.0,1582
18,1,1.0,1606
18,1,1.0,1613
18,1,1.0,1623
3,2,0.5,32
3,2,0.5,90
3,2,0.5,102
3,2,0.5,147
3,2,0.5,180
3,2,0.5,222
3,2,0.5,277
3,2,0.5,343
3,2,0.5,353
3,2,0.5,376
3,2,0.5,426
3,2,0.5,445
3,2,0.5,481
3,2,0.5,505
3,2,0.5,527
3,2,0.5,546
3,2,0.5,572
3,2,0.5,603
3,2,0.5,625
3,2,0.5,663
3,2,0.5,687
3,2,0.5,725
3,2,0.5,754
3,2,0.5,790
3,2,0.5,828
3,2,0.5,865
3,2,0.5,897
3,2,0.5,919
3,2,0.5,943
3,2,0.5,987
3,2,0.5,1002
3,2,0.5,1039
3,2,0.5,1058
3,2,0.5,1096
3,2,0.5,1108
3,2,0.5,1120
3,2,0.5,1187
3,2,0.5,1211
3,2,0.5,1218
3,2,0.5,1230
3,2,0.5,1249
3,2,0.5,1274
3,2,0.5,1319
3,2,0.5,1332
3,2,0.5,1353
3,2,0.5,1379
3,2,0.5,1430
3,2,0.5,1465
3,2,0.5,1479
3,3,0.5,97
3,3,0.5,122
3,3,0.5,167
3,3,0.5,232
3,3,0.5,275
3,3,0.5,333
3,3,0.5,418
3,3,0.5,499
3,3,0.5,533
3,3,0.5,598
3,3,0.5,622
3,3,0.5,736
3,3,0.5,773
3,3,0.5,835
3,3,0.5,919
3,3,0.5,984
3,3,0.5,1043
3,3,0.5,1088
3,3,0.5,1110
3,3,0.5,1147
3,3,0.5,1193
3,3,0.5,1263
3,3,0.5,1333
3,3,0.5,1384
3,3,0.5,1464
3,3,0.5,1545
3,3,0.5,1592
3,3,0.5,1658
3,3,0.5,1701
3,3,1.0,97
3,3,1.0,167
3,3,1.0,232
3,3,1.0,297
3,3,1.0,402
3,3,1.0,499
3,3,1.0,581
3,3,1.0,622
3,3,1.0,685
3,3,1.0,773
3,3,1.0,835
3,3,1.0,919
3,3,1.0,984
3,3,1.0,1043
3,3,1.0,1088
3,3,1.0,1147
3,3,1.0,1230
3,3,1.0,1263
3,3,1.0,1333
3,3,1.0,1406
3,3,1.0,1464
3,3,1.0,1552
3,3,1.0,1620
3,3,1.0,1671
1,2,1.0,32
1,2,1.0,49
1,2,1.0,90
1,2,1.0,102
1,2,1.0,115
1,2,1.0,147
1,2,1.0,180
1,2,1.0,197
1,2,1.0,222
1,2,1.0,240
1,2,1.0,277
1,2,1.0,309
1,2,1.0,333
1,2,1.0,343
1,2,1.0,353
1,2,1.0,361
1,2,1.0,373
1,2,1.0,385
1,2,1.0,407
1,2,1.0,416
1,2,1.0,426
1,2,1.0,439
1,2,1.0,449
1,2,1.0,452
1,2,1.0,463
1,2,1.0,482
1,2,1.0,487
1,2,1.0,504
1,2,1.0,513
1,2,1.0,524
1,2,1.0,542
1,2,1.0,566
1,2,1.0,585
1,2,1.0,605
1,2,1.0,623
1,2,1.0,652
1,2,1.0,673
1,2,1.0,688
1,2,1.0,697
1,2,1.0,704
1,2,1.0,715
1,2,1.0,726
1,2,1.0,745
1,2,1.0,749
1,2,1.0,752
1,2,1.0,759
1,2,1.0,763
1,2,1.0,775
1,2,1.0,784
1,2,1.0,795
1,2,1.0,801
1,2,1.0,809
1,2,1.0,817
1,2,1.0,841
1,2,1.0,885
1,2,1.0,897
1,2,1.0,900
1,2,1.0,937
1,2,1.0,949
1,2,1.0,956
1,2,1.0,965
1,2,1.0,994
1,2,1.0,1006
1,2,1.0,1018
1,2,1.0,1029
1,2,1.0,1036
1,2,1.0,1085
1,2,1.0,1109
1,2,1.0,1116
1,2,1.0,1128
1,2,1.0,1147
1,2,1.0,1172
1,2,1.0,1175
1,2,1.0,1183
1,2,1.0,1217
1,2,1.0,1230
1,2,1.0,1251
1,2,1.0,1264
1,2,1.0,1277
1,2,1.0,1303
1,2,1.0,1320
1,2,1.0,1328
1,2,1.0,1363
1,2,1.0,1377
1,2,1.0,1383
1,2,1.0,1384
1,2,1.0,1393
7,3,0.0,97
7,3,0.0,122
7,3,0.0,167
7,3,0.0,232
7,3,0.0,297
7,3,0.0,333
7,3,0.0,418
7,3,0.0,499
7,3,0.0,533
7,3,0.0,598
7,3,0.0,622
7,3,0.0,685
7,3,0.0,736
7,3,0.0,773
7,3,0.0,835
7,3,0.0,873
7,3,0.0,919
7,3,0.0,945
7,3,0.0,1043
7,3,0.0,1088
7,3,0.0,1110
7,3,0.0,1147
7,3,0.0,1193
7,3,0.0,1230
7,3,0.0,1263
7,3,0.0,1310
7,3,0.0,1384
7,3,0.0,1464
7,3,0.0,1501
7,3,0.0,1556
7,3,0.0,1592
7,3,0.0,1658
7,3,0.0,1671
7,3,0.0,1701
17,3,1.0,104
17,3,1.0,172
17,3,1.0,279
17,3,1.0,504
17,3,1.0,580
17,3,1.0,641
17,3,1.0,718
17,3,1.0,770
17,3,1.0,855
17,3,1.0,927
17,3,1.0,1025
17,3,1.0,1092
17,3,1.0,1175
17,3,1.0,1245
17,3,1.0,1366
17,3,1.0,1446
17,3,1.0,1547
17,3,1.0,1653
11,2,0.0,32
11,2,0.0,90
11,2,0.0,102
11,2,0.0,147
11,2,0.0,180
11,2,0.0,222
11,2,0.0,277
11,2,0.0,343
11,2,0.0,353
11,2,0.0,376
11,2,0.0,426
11,2,0.0,445
11,2,0.0,481
11,2,0.0,505
11,2,0.0,527
11,2,0.0,546
11,2,0.0,572
11,2,0.0,603
11,2,0.0,625
11,2,0.0,663
11,2,0.0,687
11,2,0.0,706
11,2,0.0,744
11,2,0.0,773
11,2,0.0,809
11,2,0.0,847
11,2,0.0,884
11,2,0.0,916
11,2,0.0,938
11,2,0.0,962
11,2,0.0,1006
11,2,0.0,1021
11,2,0.0,1058
11,2,0.0,1077
11,2,0.0,1115
11,2,0.0,1127
11,2,0.0,1139
11,2,0.0,1206
11,2,0.0,1237
11,2,0.0,1249
11,2,0.0,1268
11,2,0.0,1293
11,2,0.0,1338
11,2,0.0,1351
11,2,0.0,1372
11,2,0.0,1398
11,2,0.0,1441
11,2,0.0,1449
11,2,0.0,1484
11,2,0.0,1498
13,3,0.0,97
13,3,0.0,122
13,3,0.0,167
13,3,0.0,232
13,3,0.0,297
13,3,0.0,333
13,3,0.0,418
13,3,0.0,499
13,3,0.0,533
13,3,0.0,598
13,3,0.0,622
13,3,0.0,685
13,3,0.0,736
13,3,0.0,773
13,3,0.0,835
13,3,0.0,873
13,3,0.0,919
13,3,0.0,945
13,3,0.0,1043
13,3,0.0,1088
13,3,0.0,1110
13,3,0.0,1147
13,3,0.0,1193
13,3,0.0,1230
13,3,0.0,1263
13,3,0.0,1310
13,3,0.0,1384
13,3,0.0,1464
13,3,0.0,1501
13,3,0.0,1556
13,3,0.0,1592
13,3,0.0,1658
13,3,0.0,1671
13,3,0.0,1701
8,1,0.0,71
8,1,0.0,138
8,1,0.0,203
8,1,0.0,273
8,1,0.0,340
8,1,0.0,426
8,1,0.0,491
8,1,0.0,577
8,1,0.0,656
8,1,0.0,734
8,1,0.0,805
8,1,0.0,895
8,1,0.0,972
8,1,0.0,1049
8,1,0.0,1117
8,1,0.0,1200
8,1,0.0,1275
8,1,0.0,1355
8,1,0.0,1432
8,1,0.0,1542
15,2,1.0,32
15,2,1.0,90
15,2,1.0,102
15,2,1.0,147
15,2,1.0,197
15,2,1.0,222
15,2,1.0,277
15,2,1.0,343
15,2,1.0,353
15,2,1.0,376
15,2,1.0,426
15,2,1.0,463
15,2,1.0,487
15,2,1.0,528
15,2,1.0,554
15,2,1.0,585
15,2,1.0,607
15,2,1.0,645
15,2,1.0,669
15,2,1.0,688
15,2,1.0,708
15,2,1.0,755
15,2,1.0,791
15,2,1.0,829
15,2,1.0,866
15,2,1.0,898
15,2,1.0,920
15,2,1.0,944
15,2,1.0,988
15,2,1.0,1003
15,2,1.0,1040
15,2,1.0,1059
15,2,1.0,1097
15,2,1.0,1109
15,2,1.0,1139
15,2,1.0,1188
15,2,1.0,1219
15,2,1.0,1250
15,2,1.0,1275
15,2,1.0,1320
15,2,1.0,1333
15,2,1.0,1354
15,2,1.0,1380
15,2,1.0,1423
15,2,1.0,1431
15,2,1.0,1480
17,1,0.5,71
17,1,0.5,138
17,1,0.5,203
17,1,0.5,273
17,1,0.5,340
17,1,0.5,448
17,1,0.5,499
17,1,0.5,577
17,1,0.5,656
17,1,0.5,713
17,1,0.5,782
17,1,0.5,895
17,1,0.5,972
17,1,0.5,1063
17,1,0.5,1163
17,1,0.5,1241
17,1,0.5,1310
17,1,0.5,1432
17,1,0.5,1542
17,1,0.0,71
17,1,0.0,138
17,1,0.0,203
17,1,0.0,273
17,1,0.0,340
17,1,0.0,426
17,1,0.0,491
17,1,0.0,577
17,1,0.0,656
17,1,0.0,734
17,1,0.0,805
17,1,0.0,895
17,1,0.0,972
17,1,0.0,1049
17,1,0.0,1117
17,1,0.0,1200
17,1,0.0,1275
17,1,0.0,1355
17,1,0.0,1432
17,1,0.0,1542
7,1,0.5,71
7,1,0.5,138
7,1,0.5,203
7,1,0.5,273
7,1,0.5,340
7,1,0.5,426
7,1,0.5,491
7,1,0.5,577
7,1,0.5,656
7,1,0.5,734
7,1,0.5,805
7,1,0.5,895
7,1,0.5,972
7,1,0.5,1049
7,1,0.5,1117
7,1,0.5,1200
7,1,0.5,1257
7,1,0.5,1355
7,1,0.5,1432
7,1,0.5,1542
13,1,1.0,71
13,1,1.0,138
13,1,1.0,203
13,1,1.0,273
13,1,1.0,340
13,1,1.0,426
13,1,1.0,491
13,1,1.0,577
13,1,1.0,656
13,1,1.0,734
13,1,1.0,805
13,1,1.0,895
13,1,1.0,972
13,1,1.0,1029
13,1,1.0,1091
13,1,1.0,1163
13,1,1.0,1241
13,1,1.0,1298
13,1,1.0,1355
13,1,1.0,1432
13,1,1.0,1542
13,1,1.0,1613
8,3,1.0,52
8,3,1.0,90
8,3,1.0,128
8,3,1.0,161
8,3,1.0,193
8,3,1.0,213
8,3,1.0,245
8,3,1.0,275
8,3,1.0,306
8,3,1.0,338
8,3,1.0,385
