subject,story_id,event_number,rater,use,openai,la,mp
1,1,1,0,0.26987578106224464,0.2566772908519899,0.3820652551697713,0.30044871512301147
1,1,2,0.05,0.23402380809329265,0.4641551153052654,0.35525074895349956,0.3865933879740193
1,1,3,0.6499999999999999,0.531547368707156,0.7018669708276921,0.578827938635828,0.759789668892193
1,1,4,0.1,0.4322335519163205,0.5456389622949228,0.4134311003046677,0.6481744841248984
1,1,5,0.30000000000000004,0.24864789327771483,0.5542316850272859,0.4616542801823598,0.4427739073840796
1,1,6,0.5,0.3418344484212815,0.5221681380951715,0.44325747406425314,0.4900095028508552
1,1,7,0.4,0.3639992353887001,0.5201481814967243,0.4029115514315311,0.6015651358543156
1,1,8,0.45,0.5400915781176686,0.7047760311218648,0.7289348880935467,0.6610423275287671
1,1,9,0.4,0.5123363309815635,0.5514541637258283,0.5076705479864297,0.520511264608196
1,1,10,0.2,0.5084349536798617,0.6451981440866715,0.5352017416665678,0.3943529192232246
1,1,11,0.15000000000000002,0.27093588351586734,0.4335723472968219,0.4896054621471187,0.37477313109186994
1,1,12,0.30000000000000004,0.31009655274029824,0.5270239366253828,0.4462109819386494,0.49009610192379743
1,1,13,0.6499999999999999,0.3038175668909717,0.5689189040510358,0.4372462427287509,0.4284399461787689
1,1,14,0.4,0.380665383492979,0.5513816970459322,0.5104836270796493,0.33959284713380117
1,1,15,0.1,0.4428939429052082,0.4941832041909316,0.476482960778064,0.3967199693806447
1,1,16,0.05,0.33340083585104313,0.5105068398796474,0.44691662265628834,0.4247374848047634
1,1,17,0,0.45826833422025376,0.4239776870897826,0.510323250576868,0.5012021879869045
1,1,18,0.25,0.4345175510122337,0.5224571688452646,0.5169707162148645,0.4120595553666101
1,1,19,0.4,0.4650714257103947,0.4517821915774269,0.4585166333798445,0.39831994619572314
1,1,20,0.5,0.3255827925979332,0.6009839299954304,0.5675458198900347,0.5639359975365491
1,1,21,0.05,0.2663685111751983,0.40192465445174114,0.4140712817658857,0.5604905518265648
1,2,1,0.30000000000000004,0.4769759193932319,0.615360474773751,0.5490236053867008,0.5882119773643957
1,2,2,0.6499999999999999,0.5955628225815681,0.6951130972347268,0.616119926020179,0.7409308862574027
1,2,3,0.6,0.7138759605921196,0.7588980242961875,0.6624578740147468,0.7595462960922175
1,2,4,0.7,0.6336382658987652,0.6651574929503546,0.6311820717825517,0.6277517789235075
1,2,5,0.55,0.327030565140019,0.4779811147273551,0.3975772180806785,0.483018369493899
1,2,6,0.05,0.2766884391343656,0.5650254847779852,0.5921793487198701,0.4749239125551225
1,2,7,0.4,0.6766933386548563,0.6813604996670352,0.7066783965274327,0.6762970628476679
1,2,8,0.2,0.29214624746798507,0.5419627739117773,0.4964126949949392,0.6448661823123208
1,2,9,0.1,0.2743002805243703,0.5297106084029379,0.4799051738826733,0.524215103514105
1,2,10,0.15,0.3550647630777858,0.5241177326951706,0.47896869060718217,0.5982829541659108
1,2,11,0.7,0.4568582915622389,0.7695030193591936,0.7184852489645199,0.6621935468352369
1,2,12,0.8,0.2821637426900585,0.6149153173871463,0.5667246519294772,0.41545265486425587
1,2,13,0.6499999999999999,0.47609543622183315,0.6657280806387775,0.6034492551155176,0.8042724257955353
1,3,1,0.6499999999999999,0.3014196628843799,0.5714806515156736,0.5183360622593558,0.4195118705103056
1,3,2,0.45,0.3990571820533067,0.6216110179159737,0.5915307961032379,0.6674950313483876
1,3,3,0.30000000000000004,0.1481057094791774,0.4652141996908378,0.366573292962465,0.3055866971955994
1,3,4,0.45,0.3194110955184766,0.561071628935991,0.48364935857876007,0.4478361781839637
1,3,5,0.8,0.33642673679060664,0.5556922084908609,0.4831835938493412,0.5707900134870969
1,3,6,0.4,0.6329087916709581,0.7107451481651912,0.5917220611098584,0.5729828058587068
1,3,7,0.5,0.3502302417001408,0.5928783501005591,0.49151056227885315,0.5281225787227694
1,3,8,0.45,0.3810660176411348,0.5427304848192647,0.5125901382702946,0.5876581300661384
1,3,9,0.55,0.3728240049324223,0.5421655250748373,0.40548091334179914,0.4430033724100282
2,1,1,0.75,0.5534518015930237,0.6533064624344901,0.7061425101259191,0.5492601435091544
2,1,2,0.30000000000000004,0.25289688619379497,0.6122956326694855,0.4386739485828799,0.48184232812216543
2,1,3,0.75,0.4546996415124568,0.6510133212397939,0.5731779915330532,0.5872679176634346
2,1,4,0.7,0.3533192641993111,0.489551747351112,0.5186272248199884,0.4685648279229531
2,1,5,0.75,0.2918136522813884,0.5891984889276664,0.5587393114120677,0.4006551011913744
2,1,6,0.30000000000000004,0.4029224388024856,0.5643892271907385,0.5448587966220375,0.4921863741325787
2,1,7,0.8,0.45337775446035183,0.5466980854602297,0.4877901929901004,0.5134865141745915
2,1,8,0.7,0.442053871837127,0.6455983781013938,0.6601933705111533,0.6364805363219136
2,1,9,0.6,0.3495875819686202,0.4145681282795633,0.5554296055765883,0.4254625699150423
2,1,10,0.55,0.33850089693411606,0.5425520934421952,0.5597160080227458,0.4255557652465232
2,1,11,0.45,0.274194422271432,0.44989372204795686,0.45143397362429066,0.30244285149951766
2,1,12,0.35,0.306429154364221,0.5917349115241974,0.4851045091069694,0.5540387751918796
2,1,13,0.55,0.36137200163651134,0.5783719267408206,0.46210015017217027,0.4143193169815351
2,1,14,0.3,0.2936136002105721,0.483469962442335,0.4297746421384043,0.30719962810877155
2,1,15,0.45,0.3755941115631545,0.5241378826463768,0.4977307281167401,0.30401485382055293
2,1,16,0.05,0.2763628177178105,0.5232876484448115,0.43404496454868663,0.4984472566346175
2,1,17,0.45,0.403053778138268,0.4483978764015059,0.6046438401859541,0.5729860377604806
2,1,18,0.2,0.3642731793811011,0.5801261242536081,0.506095923056578,0.38368131202072486
2,1,19,0,0.3982676261143727,0.4646147317291386,0.404152018910758,0.4282809736988893
2,1,20,0.35,0.3344976847083462,0.5173337091340782,0.4943352179382628,0.42155085614667454
2,1,21,0.30000000000000004,0.2522662964488847,0.4340339915723858,0.4355309770897371,0.4480765839921468
2,2,1,0.6,0.5988805489751776,0.7576291733834475,0.687228069904022,0.6554847280455323
2,2,2,0.4,0.4223049597452535,0.5620662445103556,0.5324282401245797,0.45191557997060133
2,2,3,0.35,0.4741050507261303,0.5755672825995765,0.5723330611471577,0.5024172241079103
2,2,4,0.6,0.371618526195626,0.5832626597912951,0.5093519051478156,0.6550245794077205
2,2,5,0.65,0.5645986577459631,0.701452063784425,0.6045975339211933,0.6037110656502036
2,2,6,0.05,0.358558443053982,0.543017830993952,0.5588470767925293,0.4858757680270183
2,2,7,0.6,0.4877786468168137,0.5810328999441443,0.5896248747505608,0.5559657833790815
2,2,8,0.05,0.35055702541170275,0.6005913401738107,0.5548914939312303,0.6211190422804808
2,2,9,0.6,0.4079202179249493,0.7151308973208726,0.6477015933169782,0.6294288975251898
2,2,10,0.55,0.4859935405007953,0.6245431694900746,0.6253927025565296,0.5568848090867938
2,2,11,0.6499999999999999,0.4652908312447786,0.6860938085052284,0.6040254078342148,0.6873718895329616
2,2,12,0.6499999999999999,0.35024749731062815,0.6290171109675136,0.6263259009482506,0.32315369928775245
2,2,13,0.6,0.3635242143601012,0.552488757720464,0.6368175283093404,0.5884763310349036
2,3,1,0.7,0.383980874703883,0.6684259319835771,0.6586258981508011,0.5690684429905243
2,3,2,0.5,0.2858260448495668,0.5558558850197767,0.6505971918694253,0.5845385766153576
2,3,3,0.6,0.3196762775946716,0.6183758825929607,0.5781973734069373,0.3776268208852486
2,3,4,0.8500000000000001,0.46954536741396874,0.635702567026039,0.599742051852844,0.502791700857715
2,3,5,0.8,0.5149995064716586,0.645168740187217,0.5382200200314332,0.640211872883899
2,3,6,0.8,0.6772483792243165,0.7244556706000885,0.6741374901877342,0.5616890310737289
2,3,7,0.7,0.2987382483034069,0.6211535101988547,0.6391287619336649,0.4851105225635487
2,3,8,0.45,0.4213521460615008,0.5198458291967787,0.5461143904612061,0.5501533669846717
2,3,9,0.55,0.23518109629095568,0.5025394536259616,0.5551699408127523,0.5291387469206864
5,1,1,0.8500000000000001,0.4536146838271477,0.520887431948861,0.5254596506070465,0.4339150262027761
5,1,2,0.8,0.3248786206383539,0.540670231238276,0.3576430450321537,0.5738418559466145
5,1,3,0.8500000000000001,0.4109319925098134,0.6782403547244555,0.5676415318663396,0.7233519367250854
5,1,4,0.75,0.4647680667135875,0.7065769724268494,0.5897511308477289,0.6823323480094876
5,1,5,0.8500000000000001,0.27727924262711573,0.6047124180896478,0.6071507628135898,0.3862798670109507
5,1,6,0.8500000000000001,0.5062788070347101,0.7277702304759386,0.6976764374651379,0.6603318654494654
5,1,7,0.75,0.4169702044780902,0.5326334216770016,0.4618511612805875,0.5505892763591789
5,1,8,0.8500000000000001,0.4712613618807292,0.6765474395262978,0.6824237419530944,0.7009968721548668
5,1,9,0.9,0.464016866509882,0.5657496205308793,0.6902575274701054,0.5598672186401683
5,1,10,0.7,0.426188723807235,0.6754041444599814,0.6666627371686082,0.5534712055565822
5,1,11,0.6,0.3033196575914673,0.4678286534605885,0.4971189450055355,0.4158412513160728
5,1,12,0.65,0.5220719821814811,0.709381072094803,0.5483142824203193,0.6838946016432048
5,1,13,0.75,0.4032200757315664,0.5665191414689325,0.5366016319726427,0.453514523636752
5,1,14,0.6,0.3276249449250981,0.4899476046194931,0.538500957066781,0.39221917528648426
5,1,15,0.65,0.47211314530618786,0.6421246699126402,0.5900553534704479,0.5144098844059998
5,1,16,0.2,0.2893421660601275,0.5984505185596393,0.4644452922741229,0.5661004710311398
5,1,17,0.6499999999999999,0.4281267166203178,0.5425501578727213,0.6120183247770941,0.49783454633847785
5,1,18,0.8500000000000001,0.5233271713816504,0.6876237701012476,0.6774180824162502,0.5909669087166828
5,1,19,0.6499999999999999,0.4673417454881496,0.5442263391789974,0.5351950659350347,0.5134650564660924
5,1,20,0.6499999999999999,0.5450303484167038,0.747381940704901,0.7113283614321584,0.6608214455862182
5,1,21,0.35,0.31440419685057386,0.43344259825118936,0.4664704761004572,0.47731782458466354
5,2,1,0.8500000000000001,0.6027400836566301,0.7920384975193691,0.8120613355616855,0.7304628358846637
5,2,2,0.8,0.7009219145180303,0.7715933140199733,0.7300244363563306,0.7428465562973976
5,2,3,0.75,0.6545149617765875,0.756555988219603,0.6701050039588148,0.7664290547757547
5,2,4,0.9,0.5183326109222829,0.6469653003814059,0.5782541436159662,0.655896557102724
5,2,5,0.8500000000000001,0.3275444783476957,0.6278070965819659,0.5532684964387621,0.6671142497410241
5,2,6,0.75,0.37485346142181936,0.6624482389047437,0.6367968918217838,0.5624385408842992
5,2,7,0.7,0.6792595072155274,0.7608693802035984,0.7004962452718866,0.7177492760540027
5,2,8,0.8500000000000001,0.40038997679701543,0.6588340603107077,0.5784894896435032,0.7023780068342537
5,2,9,0.75,0.3023525387383985,0.6308681080226162,0.6125859473943878,0.6056247223743394
5,2,10,0.8500000000000001,0.5537054501264577,0.6775625204705717,0.7100845825781633,0.5624520777843522
5,2,11,0.8500000000000001,0.6303056978919903,0.7165832590862714,0.7328851197732201,0.7298916634736184
5,2,12,0.8500000000000001,0.3778004157082203,0.6446278644220607,0.746361461404523,0.29767929319473807
5,2,13,0.9,0.6066370800002289,0.7040949979089749,0.695406450324928,0.7475141906978873
5,3,1,0.8,0.4481510926288323,0.7317926666299666,0.6254802553054052,0.6009181726975721
5,3,2,0.8500000000000001,0.5391247274865245,0.6937468260881772,0.8315036619036559,0.50431268151631925
5,3,3,0.8500000000000001,0.40655389544065645,0.6934349836024252,0.6208748482595626,0.6015643411243712
5,3,4,0.7,0.4319187487840606,0.5762923394734001,0.6003292513177682,0.5308040240461969
5,3,5,0.8500000000000001,0.49730043573545735,0.629413076428371,0.6961449928622655,0.581254275647101
5,3,6,0.9,0.7036461551996429,0.7800378908217215,0.7086016165018998,0.7281851663549912
5,3,7,0.9,0.4415190373193256,0.6286102056440375,0.7159257946875588,0.5393111312631078
5,3,8,0.8500000000000001,0.591781787516737,0.6553614395099692,0.7882461401556059,0.6655921299694993
5,3,9,0.8,0.40366201605612206,0.6324405593777122,0.6493424987241935,0.5044978006113698
6,1,1,0.6499999999999999,0.5574361488767581,0.7041710665563142,0.6868265723361076,0.6856644387384012
6,1,2,0.05,0.15497442593355534,0.46038938870569074,0.3881341044262431,0.4634801987206332
6,1,3,0.55,0.544864587267255,0.8027632588052478,0.6462857554300189,0.7077214001064726
6,1,4,0.6499999999999999,0.45888882093933464,0.5912988521380895,0.5791122665189387,0.6273222008975573
6,1,5,0.8,0.2338755707762557,0.5945746419409642,0.5122347615301539,0.3864610124562793
6,1,6,0.6499999999999999,0.436256880786441,0.6591331725821992,0.6172641781941361,0.6515164559961208
6,1,7,0.5,0.3694055165024433,0.508259732011763,0.37597698801165774,0.5361675769680057
6,1,8,0.6,0.5410595016365114,0.68294970452941,0.7091499801635406,0.7229488761882802
6,1,9,0.5,0.6173563904052368,0.6831600081199922,0.6257483442066518,0.595183825274701
6,1,10,0.4,0.5345159595621474,0.6624918512800757,0.5485986367944282,0.454480915249151
6,1,11,0.05,0.27887668300317,0.5090948779126246,0.43081499661762934,0.39903832908347087
6,1,12,0.5,0.3596425960735171,0.6672783078295466,0.5949332734142276,0.6110614169420318
6,1,13,0.6499999999999999,0.2858867524118516,0.6253417630716613,0.5528167189563649,0.43170244505555055
6,1,14,0.55,0.2868869519689635,0.4416408311956011,0.4577251353372114,0.370442488678807
6,1,15,0.55,0.2974581144642428,0.4618993989417205,0.4641623154319177,0.4014476323829352
6,1,16,0.05,0.24821104916972797,0.45249474830053993,0.37853352827882264,0.593485805275481
6,1,17,0.25,0.4124372539510877,0.5079451650334504,0.5981294123406513,0.5596959013551523
6,1,18,0.35,0.41371390090523114,0.64915667140825,0.46882685038562416,0.5533273594366446
6,1,19,0.35,0.3871240780318376,0.456273138831823,0.46624539842252866,0.4469447560963204
6,1,20,0.05,0.3035604314725169,0.4382613172861831,0.4859037955030577,0.4010186106679461
6,1,21,0.55,0.3136786565443288,0.46607181808961173,0.4009679863704874,0.4151742344737319
6,2,1,0.7,0.6485733097011935,0.8238390527395316,0.7950790427806308,0.719091363002121
6,2,2,0.75,0.6833523055641386,0.7918316902078978,0.7301043332067417,0.7263275910739323
6,2,3,0.65,0.6634196614538629,0.7653380546803704,0.629430381021086,0.6877428429800128
6,2,4,0.7,0.6538348403829207,0.6613986222438053,0.6879985340941265,0.6849408636150167
6,2,5,0.6,0.2305421981037067,0.5052998388498654,0.36888855321850794,0.43650889228633
6,2,6,0.3,0.27583522519197534,0.5431557845824907,0.5388270347629712,0.41160732753724416
6,2,7,0.55,0.5666934709776724,0.6446182834035286,0.6174995772036695,0.6179656068430699
6,2,8,0.6499999999999999,0.3561166400590517,0.5763521536620215,0.5484113189465314,0.5110700847966254
6,2,9,0.55,0.2437580287762786,0.6080226291510025,0.5165826495830105,0.6283763836778151
6,2,10,0.05,0.1951501363282636,0.47387471226313194,0.46191638211802527,0.4209392054904607
6,2,11,0.75,0.4310042908355363,0.7589818691719478,0.6888060856816367,0.6251593168628554
6,2,12,0.6499999999999999,0.27221655379888077,0.6168574372593318,0.6178148465726158,0.37830075187810575
6,2,13,0.65,0.4927720449811744,0.6683966783399122,0.6117539975975844,0.8018633874060525
6,3,1,0.45,0.28025167799636075,0.7544803862359671,0.4396941169215171,0.6451830411411558
6,3,2,0.55,0.4718795240097962,0.7405532144788334,0.7189468016252333,0.7468593862056923
6,3,3,0.55,0.2179998726839931,0.6497031092582584,0.6340600538212312,0.3777655277515458
6,3,4,0.6499999999999999,0.41007055309506646,0.6445962096688377,0.6207819443290614,0.5539128899686855
6,3,5,0.75,0.5848309057461004,0.6566228771192448,0.6468606365808047,0.6868090617863324
6,3,6,0.6499999999999999,0.6195322960655062,0.7642440655942884,0.6452211351964913,0.6504410804173456
6,3,7,0.6499999999999999,0.26081309867133584,0.6466999627233608,0.5671605385691485,0.5284986184414646
6,3,8,0.6,0.32914030939220196,0.49557434971312714,0.549956512377442,0.5819780626984705
6,3,9,0.5,0.3001642948695941,0.5540902859911372,0.4657598020931703,0.44996030588837665
7,1,1,0.6499999999999999,0.462600386525675,0.57980837295888,0.5517877026243466,0.45393689611120625
7,1,2,0.30000000000000004,0.2685237637472677,0.4580298075468908,0.39161086249603694,0.4407337561437923
7,1,3,0.7,0.4995715601789863,0.7269911122446449,0.6348575653204435,0.7134303426621206
7,1,4,0.55,0.37208889804419726,0.6104012407242642,0.6224279095169228,0.6249170037028057
7,1,5,0.75,0.2767742701502615,0.5731568092860767,0.4474332236111511,0.4102576111816596
7,1,6,0.6499999999999999,0.47271592937824014,0.6114514017848021,0.5509936084638951,0.651293057408748
7,1,7,0.7,0.4265991033519873,0.5475356636540039,0.3937156782628009,0.5223655020234884
7,1,8,0.6,0.6451538377908241,0.7404649113560997,0.8099859512938627,0.7105962032253743
7,1,9,0.7,0.7244784156452776,0.6348670000545539,0.6977439895104124,0.7640275928117419
7,1,10,0.6499999999999999,0.5693707728224671,0.6769661734391379,0.5597883284476868,0.49512748421984226
7,1,11,0.7,0.3390527188404802,0.5509559592597209,0.5385560053609304,0.50035381377125
7,1,12,0.55,0.4934046910941738,0.5920382833816659,0.5201801006403616,0.6491251930663945
7,1,13,0.8500000000000001,0.41810290566599145,0.6629877956341844,0.5576353520462919,0.5812031480206775
7,1,14,0.5,0.27541688839679107,0.5030680463067183,0.5141279672037204,0.3746201720685697
7,1,15,0.6499999999999999,0.3862110506002449,0.6444164067170437,0.5592922315253898,0.4488753140772741
7,1,16,0.75,0.3535081818415903,0.6977102748304786,0.5280158200002373,0.6322998859403585
7,1,17,0.55,0.4221162209175908,0.4973471755269065,0.5002433727999757,0.5146196931113232
7,1,18,0.8,0.6050890818656229,0.7680668223825741,0.7331331814798677,0.623569247681084
7,1,19,0.55,0.3628401590448724,0.41969888422553575,0.44630491901807823,0.4695595649033693
7,1,20,0.75,0.45398581356358936,0.6988179208162707,0.6350143655384751,0.6531606727781045
7,1,21,0.7,0.4457028523077099,0.6468008727614613,0.5332802436069803,0.5683359933827605
7,2,1,0.8,0.6492671104130189,0.7434571569387197,0.8104428945208986,0.6924394320414767
7,2,2,0.75,0.8154128901019673,0.821146887685304,0.7862959523450256,0.8419242139167173
7,2,3,0.6,0.6509568191311613,0.6764375399390078,0.6417066009633398,0.7357122126044593
7,2,4,0.5,0.4712043200180817,0.5891843484910653,0.5631512282074452,0.5461760085228958
7,2,5,0.5,0.43654727572355545,0.5903503847205716,0.4850773028518725,0.45649523776624507
7,2,6,0.7,0.30277489886245296,0.665792685987474,0.7009187766923297,0.5068161338231978
7,2,7,0.6,0.5701930518362115,0.7324914520138196,0.6625326845935137,0.5976778467862393
7,2,8,0.1,0.3712402438745266,0.5120014716820553,0.5209579558189491,0.5368857214367699
7,2,9,0.5,0.45673473066227216,0.5869234024502372,0.5998570227848016,0.5793906869094626
7,2,10,0.25,0.3601092128151429,0.44926500043661655,0.4952564423988213,0.4333950079091525
7,2,11,0.6499999999999999,0.37911157388333855,0.6069728896917846,0.5723428363254739,0.5649879285819644
7,2,12,0.65,0.31678341472974675,0.5611371722370936,0.5937620004221605,0.3598374798456486
7,2,13,0.7,0.4821626161579749,0.6069315160083458,0.6181832833748429,0.6355871539004073
7,3,1,0.6,0.47037131212735034,0.7962428906622597,0.6894062392446548,0.5915013381132984
7,3,2,0.6499999999999999,0.5324265107689314,0.7846803551729803,0.8299474217265178,0.6593081738080746
7,3,3,0.6499999999999999,0.5059785772936909,0.6986782141834427,0.6968831115436326,0.5385731185457332
7,3,4,0.5,0.4240108511861847,0.5698091428764986,0.4957025508076152,0.5669438119571465
7,3,5,0.6499999999999999,0.4516234042583629,0.5403243095382745,0.46125172297451944,0.582851126524398
7,3,6,0.6,0.4987179886073631,0.7040240435445867,0.6351787951639729,0.7159418217414377
7,3,7,0.6,0.5117866548505968,0.6863650815644448,0.7223271854437687,0.5550129816487319
7,3,8,0.6,0.48545128517641134,0.5777000273217712,0.665119239161579,0.6729493954118438
7,3,9,0.55,0.4223550278378595,0.644928338326512,0.6419733653146791,0.5389206539504223
8,1,1,0.75,0.4420079164806994,0.5620188493995674,0.4972977592430271,0.3710360194922884
8,1,2,0.9,0.5087465381490256,0.7079522954207902,0.5896852212443393,0.5968799909040509
8,1,3,0.8,0.46448625487806267,0.7228266833270406,0.6152890623542995,0.7375308991002385
8,1,4,0.7,0.49139061266179146,0.7711424808878329,0.6592922262271902,0.6476371142274885
8,1,5,0.9,0.4642366296734988,0.6982943289455604,0.5988131450028229,0.5044818000484892
8,1,6,0.75,0.6419852427873337,0.8180615149288968,0.7336586834101078,0.677009034913864
8,1,7,0.75,0.4287234209954109,0.4795353183260047,0.3883376612560039,0.5587079725612598
8,1,8,0.8,0.5773632497339238,0.7057817792304079,0.7103680627493332,0.7283666826742938
8,1,9,0.7,0.5541654507272747,0.5347559126966216,0.6523213849748145,0.6964302214393132
8,1,10,0.6499999999999999,0.4501706249070164,0.6389709186696052,0.5468078188286994,0.5410128600020685
8,1,11,0.6,0.2931585170117073,0.4532532108817437,0.4590509303214694,0.3509925859113666
8,1,12,0.7,0.5736217326993283,0.7194564370587089,0.6480195117857391,0.7209404611637729
8,1,13,0.6499999999999999,0.340353416360536,0.6343294549975149,0.5496911255580064,0.4089728507535311
8,1,14,0.6,0.25192020075874616,0.45333962582883186,0.4540039713185142,0.3413071590968816
8,1,15,0.55,0.381998357051304,0.6357801206877676,0.4875133885504634,0.3519579973568342
8,1,16,0.6499999999999999,0.23408308513864565,0.5664412071128428,0.48333514884973966,0.43686962020809633
8,1,17,0.8500000000000001,0.3170011215252744,0.5859513154629139,0.6174904113183107,0.5370382566040999
8,1,18,0.8,0.4483578023254483,0.6467483164836337,0.5765080954371057,0.5694448800741917
8,1,19,0,0.33917681618429635,0.4188970185713859,0.4103693767028413,0.3795402656813993
8,1,20,0.6499999999999999,0.4834199511335416,0.6764729617631412,0.6840685415370373,0.5025190290137889
8,1,21,0.6499999999999999,0.4579588061191792,0.594851056527785,0.6255713313570342,0.5748250958338349
8,2,1,0.8,0.7142527229889793,0.832189421222796,0.8256834041737945,0.7927811871103705
8,2,2,0.8500000000000001,0.6676365571462903,0.8400720472300036,0.7694760677241578,0.7064012477048199
8,2,3,0.7,0.6074679421155629,0.7368426822421309,0.6219689968296699,0.7068914901165265
8,2,4,0.7,0.5402466997974388,0.734353447268111,0.6956360742968652,0.7798562556054951
8,2,5,0.8500000000000001,0.3306453026115517,0.5097474997414607,0.4944898723854445,0.5588110490350495
8,2,6,0.8,0.3856976738364176,0.6566139924419878,0.7155633183599147,0.5788020039486422
8,2,7,0.7,0.5261876688009979,0.7216860445816902,0.6578428242455787,0.7717137969780764
8,2,8,0.15,0.2780755935214749,0.6237602914813215,0.5540314901673892,0.617072648277534
8,2,9,0.6,0.2798176949222371,0.6003721705540728,0.6287007303773543,0.5805804771092345
8,2,10,0.6,0.2557903749098774,0.6296156758466621,0.5922786634719229,0.5721470678491682
8,2,11,0.75,0.3475673344319703,0.7740444109532677,0.7469938810032841,0.6069348876696908
8,2,12,0.6,0.17150351263432553,0.4111779661251701,0.5018691286800046,0.2293247826042728
8,2,13,0.8500000000000001,0.5792642279214016,0.7774284302297776,0.7963038540799529,0.81811699230108
8,3,1,0.8,0.4260071375642302,0.8115242736410089,0.7544287385792008,0.7747426452512025
8,3,2,0.75,0.542167705221959,0.7425038563768903,0.8182767860019022,0.6419455497666249
8,3,3,0.45,0.2589934811343427,0.5983849148204013,0.5971015881035497,0.3597180849170005
8,3,4,0.75,0.4402587519025875,0.7447487691745052,0.664743066987893,0.6510206769658016
8,3,5,0.55,0.23774753307355148,0.3567254660643324,0.2477260392100681,0.48414272692824795
8,3,6,0.75,0.585949391171994,0.7358707234475185,0.6693370564135341,0.6109705528183877
8,3,7,0.8,0.5564280814765223,0.734356829393033,0.7792795200848391,0.6228925351334214
8,3,8,0.8,0.5730477377805244,0.6440528312845638,0.6861542572941374,0.701051920449016
8,3,9,0.8500000000000001,0.4289557011821792,0.6289582920004307,0.7409163162084219,0.6630481994174523
9,1,1,0.05,0.363190188656573,0.3262251943821937,0.35338358393111147,0.29751473111424953
9,1,2,0.6,0.34476566702143485,0.5546938533547052,0.4341173644466221,0.4333117202109785
9,1,3,0.55,0.5233260984939518,0.6987612472480114,0.6547022899242654,0.6884934389215069
9,1,4,0.6,0.5139564808139069,0.7545047330372711,0.6005624515744553,0.6648450043487621
9,1,5,0.45,0.29952226098923107,0.5246097697768527,0.4679559588215447,0.34170240478923336
9,1,6,0.5,0.5850076639944611,0.7424909329590903,0.6940979804534582,0.6048658347504251
9,1,7,0.75,0.3818891013206532,0.5700099581470757,0.4270711563045185,0.4819207414766803
9,1,8,0.6,0.4468545078449549,0.6098782418273816,0.6143969250097062,0.5252062642097715
9,1,9,0.4,0.4378594173790641,0.5032018871866109,0.5581315019505851,0.515564044213264
9,1,10,0.4,0.4314544566324487,0.6063269085260475,0.4928312180094706,0.46160574867375465
9,1,11,0.25,0.2947214461667868,0.4672428442730629,0.5352437034076325,0.4168030334947942
9,1,12,0.35,0.4043264017635413,0.577391450930652,0.46458595947428294,0.5848707472411215
9,1,13,0.6,0.3832117930385324,0.6898334531461979,0.4436249836815451,0.4443752087490654
9,1,14,0,0.2723629135624449,0.515361162903374,0.5116324357052878,0.3253752873743479
9,1,15,0,0.2891437712431764,0.4072680136750532,0.4740876712166192,0.4100124369938099
9,1,16,0,0.21536298294251613,0.45372160438028414,0.4204271609872792,0.42962629254878154
9,1,17,0,0.43304841012348216,0.4157424966219384,0.5782633359923232,0.48823537421395913
9,1,18,0.25,0.3918518470834621,0.5051194392875719,0.4564057511745049,0.477783880715062
9,1,19,0.35,0.3927679143635344,0.5329385679894603,0.4924135344416884,0.40898347364378806
9,1,20,0.4,0.3992730112953617,0.5543716922523066,0.5131012820795392,0.511805580869176
9,1,21,0.35,0.19287391566816584,0.36676579602921255,0.3990383820654671,0.43913211039583055
9,2,1,0.45,0.510306338048317,0.6658027275753056,0.6053612429067703,0.5727647849439578
9,2,2,0.5,0.4611096984756411,0.5028706110346017,0.5050664563775913,0.41562813123598097
9,2,3,0.55,0.5209078096210847,0.5901914459454288,0.6546252276106561,0.47529547529513094
9,2,4,0.5,0.3573750479223172,0.615593793212501,0.51643398210141,0.5274417865613921
9,2,5,0.6499999999999999,0.2949358448919101,0.5654598619006561,0.4631476837118933,0.3853764180101488
9,2,6,0.05,0.3389984486043877,0.6041673257219752,0.6102645942087711,0.5060121320294394
9,2,7,0.6,0.4815339933738455,0.6547011980278223,0.677874442841327,0.5972503880401409
9,2,8,0,0.4258220644362047,0.606932767268889,0.5564793908511536,0.6406413449458566
9,2,9,0.4,0.331353855529234,0.5995848815816498,0.5214465028067742,0.5364596402225752
9,2,10,0,0.3995962187145948,0.6003870084072308,0.5272797676167257,0.5355499923282069
9,2,11,0.6499999999999999,0.4244274892425127,0.7359214816740829,0.7140672922215647,0.6302880535770901
9,2,12,0.55,0.35745050769045905,0.6160081628612447,0.6069225958465505,0.37662154048757
9,2,13,0.6,0.47941852705393617,0.6020068494051035,0.6437248176571615,0.6407158111416476
9,3,1,0.6499999999999999,0.3698009650267221,0.66735170568757185,0.644049676767437,0.5530259713507273
9,3,2,0.4,0.4032238308385118,0.526816317839563,0.6234424882549511,0.5277224321957604
9,3,3,0.5,0.5149946784770145,0.5652750396627789,0.6541452637062305,0.480300234138038
9,3,4,0.45,0.4339182538252023,0.5865319933047554,0.5007879482488815,0.5978587273215863
9,3,5,0.30000000000000004,0.22858355220242385,0.338990275411211,0.350782194404084,0.4468657599398464
9,3,6,0.30000000000000004,0.5003443969512823,0.6747272573650187,0.606386179625074,0.5961366005140525
9,3,7,0.5,0.3860602204712695,0.6168487257172038,0.6644523282832306,0.529579954494823
9,3,8,0.5,0.45665694630411646,0.6055603919112782,0.6015539036711013,0.6159879478674111
9,3,9,0.5,0.3311127240189515,0.6102400582532223,0.6234983047880466,0.5319464218502838
10,1,1,0.7,0.4684210705130406,0.6540127535776306,0.5857101410084042,0.5693931431548109
10,1,2,0.55,0.4704273705096073,0.7192609079084785,0.5338783308721431,0.6643317942416623
10,1,3,0.7,0.6235427502832424,0.7108614707326983,0.6224944284132697,0.7814601265973012
10,1,4,0.6,0.44949121877181536,0.6617800057687209,0.6398996499797396,0.6684259780052659
10,1,5,0.55,0.3105725572492876,0.5523986063483107,0.4499475107362717,0.4669482677430348
10,1,6,0.6499999999999999,0.4588844399812316,0.639336705755778,0.607577824194716,0.49428072595507466
10,1,7,0.75,0.6286674877833854,0.6136728254078686,0.5068723742122637,0.6233585647728217
10,1,8,0.6499999999999999,0.506292307538252,0.6268456861839405,0.6611375096851089,0.521036369173464
10,1,9,0.75,0.7804374663828522,0.7720170588196006,0.7952076830676322,0.7171432679803942
10,1,10,0.7,0.48408594617250894,0.6207662910124063,0.5585981143919446,0.4300568772326613
10,1,11,0.35,0.2795915838397363,0.5106813826790283,0.4231081294727401,0.36014866960088027
10,1,12,0.75,0.6849882804900379,0.7344499483731207,0.691828496642213,0.7322602765999291
10,1,13,0.8,0.4331993296597659,0.673447958674762,0.678177234950146,0.4615709659931878
10,1,14,0.6499999999999999,0.300711288781314,0.4620403390406254,0.5259999345142525,0.40923450234222813
10,1,15,0.55,0.43634557283620007,0.6155714922412513,0.5127676809398752,0.4694435343314859
10,1,16,0.2,0.30207671719252466,0.565909893981445,0.4505737579324645,0.5703733365772444
10,1,17,0.5,0.39339752062805416,0.5288901408801406,0.6157663771589105,0.5140936613611202
10,1,18,0.4,0.3522228623785491,0.5690570036924144,0.4734642055752319,0.4880746798192
10,1,19,0.1,0.3926785964626177,0.4146473149857188,0.4030939154627744,0.4534749460855205
10,1,20,0.55,0.39592712159966126,0.5680597951163623,0.5687105231145615,0.44282373695159394
10,1,21,0.6,0.43050736501642234,0.615229500422797,0.465494839129705,0.5020826163103168
10,2,1,0.6,0.5330317982456141,0.6427216449873886,0.692406450748784,0.5958507626440475
10,2,2,0.4,0.5510489801844795,0.5947866215516998,0.5274730989212019,0.5699240227576747
10,2,3,0.6,0.6083929501264578,0.6394686849896601,0.5670375635995883,0.5551791331891093
10,2,4,0.6499999999999999,0.611939916858356,0.6313381334103112,0.6163394569218223,0.6305371219416672
10,2,5,0.30000000000000004,0.30365153751959806,0.527747075523606,0.44655875576232185,0.5204360566644569
10,2,6,0.4,0.29938466314187295,0.6813005161157198,0.6821141416577516,0.5642897583258027
10,2,7,0.6499999999999999,0.7544935219040751,0.683309147586193,0.6679192846837103,0.6043278820510559
10,2,8,0.05,0.35582481460500565,0.5143456224398446,0.4805113673932688,0.5450437037891028
10,2,9,0,0.30466130365869004,0.4724154638597563,0.5066471477460187,0.5152465496004734
10,2,10,0,0.3063798909373891,0.4928372052070274,0.5705262956005446,0.4396995210851391
10,2,11,0.55,0.43591239442785046,0.6370129605853253,0.7324283619831712,0.6059699530621897
10,2,12,0.45,0.25286094445588864,0.4759814092070896,0.48380112550714366,0.3093795193642838
10,2,13,0.65,0.4803076827342328,0.6485069193296118,0.7249293167187444,0.6475584359629923
10,3,1,0.6499999999999999,0.3813407662993099,0.6843488685632438,0.6216485178604428,0.6289133297192547
10,3,2,0.7,0.4380176683146222,0.7158871722815219,0.7448740183495728,0.6859739065787532
10,3,3,0.7,0.2603366471258054,0.7089898887542956,0.7074608611396977,0.4462772359250148
10,3,4,0.8500000000000001,0.5958026129822273,0.7285800387392405,0.7588327875481288,0.6920980425483578
10,3,5,0.6499999999999999,0.07037338637690115,0.25202774707804737,0.2435143943606811,0.28023322250912563
10,3,6,0.75,0.703504623430723,0.763803370832061,0.7274408222890596,0.6351706624275417
10,3,7,0.6499999999999999,0.3817875346185097,0.6991961287672259,0.6933892402890358,0.5777022301605735
10,3,8,0.7,0.4332966942184227,0.6116415011167676,0.6352575793924619,0.62317288936681
10,3,9,0.75,0.4428062343358396,0.6672239373147022,0.6074557444527834,0.4787158870118662
11,1,1,0.9,0.1922205313561384,0.2509887384529865,0.35107280065375546,0.2695770330675474
11,1,2,0.8,0.250838014699992,0.3955304732118972,0.3982617984547907,0.38137741640288697
11,1,3,0.6499999999999999,0.21630667708082993,0.31665245984469526,0.3971278777701107,0.17991954789826778
11,1,4,0.55,0.1213458339055401,0.19266411757116372,0.23334261931121708,0.12097127549281732
11,1,5,0.6,0.04731506382866108,0.32289042227178133,0.30980658074541007,0.255034667179815
11,1,6,0.6,0.21165892757006669,0.3216419955399395,0.38149371188475184,0.25508097344457575
11,1,7,0.75,0.2734586001247411,0.32301948106457656,0.2563412296994183,0.38871213800580856
11,1,8,0.6499999999999999,0.15814758070976528,0.2967702088134223,0.4549995030288747,0.24849144361952652
11,1,9,0.75,0.2052021999919891,0.3331912894662356,0.4504797148890429,0.3222333225391346
11,1,10,0.75,0.2109629410945972,0.37131474573188367,0.42179083809888734,0.31671670463003304
11,1,11,0.6499999999999999,0.19574245974525353,0.361482928260406,0.5005688676942065,0.37329363533636367
11,1,12,0.6,0.4873736317105549,0.5072737030754745,0.4607736929129586,0.5459575637521765
11,1,13,0.75,0.3403381353180088,0.4494793412798783,0.4442725826222443,0.3573448888480103
11,1,14,0.35,0.1975719165022448,0.3810821437044467,0.4569210275794603,0.32001091323159664
11,1,15,0.35,0.2346063861136861,0.3243965295078791,0.3694846801498077,0.2538878983610337
11,1,16,0.25,0.11554017034595622,0.34828679705325083,0.3369560391422511,0.36321039320270654
11,1,17,0.7,0.2013509801902015,0.22176448329243273,0.4148568193339358,0.316064973093623
11,1,18,0.8,0.25064387233253016,0.41504970292849,0.4652980110134736,0.4413625729668053
11,1,19,0.9,0.2950167585058537,0.31888236848344437,0.3956986619290872,0.3168882603340324
11,1,20,0.55,0.354119101978691,0.4324373535811515,0.5474928760407783,0.40895735351961526
11,1,21,0.8500000000000001,0.3145527023895354,0.4324468917221277,0.47223142048546773,0.4907623505271921
11,2,1,0.6,0.17538674025245762,0.2527902374635045,0.36736913552879424,0.27862958993630293
11,2,2,0.6499999999999999,0.1944854823989197,0.25371348096199164,0.28832892452481507,0.14136171465846534
11,2,3,0.30000000000000004,0.24150773623556612,0.2877588788854081,0.34015400594754697,0.28236299279614396
11,2,4,0.7,0.29646184882869275,0.4176016509001955,0.3888172013044591,0.4757268282179569
11,2,5,0.6,0.2639629181400991,0.32578498422343755,0.37529492428236944,0.39280232162869194
11,2,6,0.1,0.14575849941634908,0.25672534730573154,0.4216101165095292,0.20281060483399255
11,2,7,0.6,0.3861528464425905,0.3525554547763933,0.4410855036171869,0.4055175768832344
11,2,8,0.30000000000000004,0.1203749599455259,0.3056680734273222,0.3046358293081144,0.2880705843108865
11,2,9,0.1,0.21156817915221848,0.28861559658196534,0.45788564429498346,0.2280808183132906
11,2,10,0.05,0.20360100450898935,0.2772307519810793,0.32524079257675603,0.22344629766048457
11,2,11,0.4,0.11432414154678934,0.2716255650504057,0.3929609232345974,0.16288710765772102
11,2,12,0.30000000000000004,0.24505622289170412,0.20764144668677348,0.35404548801081,0.16215876415467015
11,2,13,0.6499999999999999,0.18406926276879412,0.37125056652856353,0.48057703857767503,0.5033216002936474
11,3,1,0.7,0.07685791962783672,0.2590009233806696,0.3102680539331291,0.12145976949864622
11,3,2,0.6,0.1086726161865852,0.17338685780436186,0.2896839920620254,0.2336601139240077
11,3,3,0.8,0.11674609611929368,0.3364880866599902,0.2941935546765725,0.34246894831161206
11,3,4,0.55,0.18834114395577983,0.3677778344059972,0.3619653957627966,0.28104959559901865
11,3,5,0.7,0.09873928542818232,0.22282769266216457,0.23067738647865543,0.2958799716186042
11,3,6,0.6499999999999999,0.33363392070358544,0.4154805021015257,0.2772911322549307,0.3511264449250029
11,3,7,0.6499999999999999,0.13983356650759318,0.31842263313888686,0.2726945732024692,0.272956198300168
11,3,8,0.75,0.2363577858745036,0.2628427810332944,0.36776475209512,0.34561478083255487
11,3,9,0.6,0.16667846843135237,0.3014396029033365,0.20333046418162737,0.21577646493100472
12,1,1,0.8,0.4575189221627126,0.5640930133529313,0.5154679878539833,0.4662120829045323
12,1,2,0.7,0.6020537037513877,0.7047824333641937,0.6504837839063584,0.6323188270040334
12,1,3,0.6,0.5513323119442441,0.6865078174345417,0.5782051087783963,0.8177864111352049
12,1,4,0.6499999999999999,0.3658371814238794,0.5772097676923145,0.5141272519467706,0.5997225014962115
12,1,5,0.7,0.25231037425183966,0.6103387541759234,0.4718657652380459,0.44651003881672974
12,1,6,0.55,0.3618018719744567,0.6012281613311525,0.5077592133572275,0.5802507436552999
12,1,7,0.8,0.420855309649695,0.5542377030032365,0.401310011647562,0.5061752106140316
12,1,8,0.6499999999999999,0.5038468388436845,0.6010244678059123,0.6829910466784103,0.6401529833950186
12,1,9,0.6,0.5924750517847129,0.6285969103138107,0.6689446717489824,0.7350798194966964
12,1,10,0.15,0.495679123608107,0.5625596981655543,0.4889052520840998,0.47525044059828114
12,1,11,0.45,0.2899597917453451,0.509568419691712,0.4563214568184014,0.3810996582873167
12,1,12,0.6,0.5321885085144368,0.6493131354177584,0.5547822450548724,0.6500964855134506
12,1,13,0.7,0.3749500213147023,0.5387399993258009,0.5396128902229991,0.4704072238620739
12,1,14,0.2,0.2789553614344079,0.43500145457874245,0.4025910898269481,0.31893479590487317
12,1,15,0.1,0.40425103140270774,0.48626130364521114,0.3854814548178012,0.35160503129752485
12,1,16,0.30000000000000004,0.28533054954738446,0.48435290193802705,0.3877159970024906,0.48389040017089874
12,1,17,0.35,0.40690481912543913,0.45276973444899166,0.5162793541452265,0.5137334367683186
12,1,18,0.7,0.44186441775099855,0.5210891515657414,0.4912462086083452,0.4867703690344391
12,1,19,0.5,0.4165598249333379,0.5004654301140561,0.4216844767413275,0.4684637912560208
12,1,20,0.6,0.5279201142124719,0.7267474742458232,0.6109151071592664,0.6676157773179412
12,1,21,0.7,0.5002834211670729,0.6091030770639863,0.5383518922202084,0.6651473990926091
12,2,1,0.6499999999999999,0.6412735606138634,0.7298491130710723,0.7402923207470715,0.7240285697997534
12,2,2,0.75,0.8279357247284879,0.8168470668374732,0.8330084830533906,0.8225680363007207
12,2,3,0.25,0.6425643339227063,0.6659777972504494,0.5981713210997197,0.7162126127244953
12,2,4,0.5,0.5205703864398439,0.638291407672262,0.632888065572214,0.6182634981172317
12,2,5,0.6499999999999999,0.36579131547476,0.5424824979054903,0.4702065280601129,0.4316755831834296
12,2,6,0.2,0.29588785390988886,0.5587256379313748,0.6337481488090495,0.6105868307102301
12,2,7,0.6,0.6732182553987709,0.7598465696472431,0.7613580684374803,0.6193644375092188
12,2,8,0.05,0.3375313640837253,0.4902360642050978,0.4864332710830198,0.512915156326559
12,2,9,0.35,0.4436371858584818,0.6195262574801169,0.6268895764068203,0.548413941555348
12,2,10,0.55,0.33362381767775606,0.575503355255531,0.5894202317898759,0.5557917640122545
12,2,11,0.55,0.4806610204163376,0.6244339912514556,0.6620857284727791,0.5880175069469993
12,2,12,0.6,0.2177690230141564,0.45872213276176493,0.5368009502426999,0.33490057610503493
12,2,13,0.6,0.4706768168995548,0.616266948624267,0.6748943909867877,0.5814695679890408
12,3,1,0.8500000000000001,0.32581677152355776,0.6667425100411392,0.6162281152566109,0.5319690981446976
12,3,2,0.9,0.5076392286366601,0.6889542535876226,0.8138591206599267,0.6668734465678687
12,3,3,0.8500000000000001,0.3594467046611964,0.681567869206605,0.6972161563723354,0.5944921453130855
12,3,4,0.8500000000000001,0.3940771055778716,0.5673345926271683,0.5303771745930558,0.4709869793565189
12,3,5,0.95,0.5490290008697543,0.7141140326319781,0.7140145221532561,0.6499318704509658
12,3,6,0.6,0.6114642699785995,0.7842172102560088,0.6675480133446814,0.6073456835779548
12,3,7,0.6,0.42555294843844776,0.6751899269330476,0.6887674618063384,0.5101100245327835
12,3,8,0.75,0.4760319570329935,0.5991693400748278,0.589402747731099,0.5965894641273738
12,3,9,0.8,0.4815048465913642,0.721022858685606,0.5976962315389532,0.5357504762021826
13,1,1,0.5,0.4485702340897907,0.514364839954538,0.39775592635417745,0.5216265621211787
13,1,2,0.4,0.2452488062336206,0.43799853872930183,0.35422801098804213,0.35902844476224227
13,1,3,0.4,0.4317945620329362,0.6044146725768283,0.49933020160285374,0.5237605444769023
13,1,4,0.2,0.338384756840732,0.4822308305483364,0.4635336575548936,0.38087726635787345
13,1,5,0.30000000000000004,0.2827645598013298,0.4832392491052363,0.4968316501306323,0.3864715028915454
13,1,6,0.4,0.36459272110069696,0.5496799726107574,0.5680086706096574,0.4736629940253263
13,1,7,0.5,0.3605710909694327,0.526592113536986,0.5377769845784244,0.5939944324399015
13,1,8,0.35,0.5490544819525983,0.6613028091154772,0.668007605671532,0.6885525138473746
13,1,9,0.05,0.3067196387086437,0.38417838786822583,0.5255899598269311,0.4497026014584036
13,1,10,0.30000000000000004,0.3775380052585802,0.5671085717257692,0.5555276487607299,0.39665490748919585
13,1,11,0.35,0.32630270024376007,0.498209135816729,0.4634432172872201,0.37988364199937946
13,1,12,0.4,0.3392104333321889,0.5656548939206947,0.44778245443972176,0.4803696935351792
13,1,13,0.7,0.3654853636660144,0.60017938007269,0.5778694148498787,0.4099106585789295
13,1,14,0.4,0.3202885388413957,0.5154088387431837,0.4071610519172701,0.36587954670299394
13,1,15,0,0.4403505732081345,0.46268560957284893,0.4540465158615381,0.5201223502644013
13,1,16,0,0.28901877982627805,0.5426483455943385,0.4152349253504865,0.4503401073288088
13,1,17,0.45,0.4415246699797438,0.5084787322263349,0.524836158474661,0.44685081901689144
13,1,18,0.35,0.5964438421968161,0.5891245230530554,0.4549744160536296,0.5238264275892938
13,1,19,0.05,0.3343820810588114,0.4834539948494591,0.3945760529006159,0.3606731118911945
13,1,20,0.4,0.3741722671404539,0.6055942041644118,0.48229561559145706,0.5115249087438095
13,1,21,0.30000000000000004,0.24062314032798893,0.4765834693308475,0.4736239198030596,0.4999898804387079
13,2,1,0.15000000000000002,0.3030432996017441,0.4027411772752316,0.3657419259676208,0.4021486106849004
13,2,2,0.15000000000000002,0.35429898948283955,0.5503507329325716,0.499207256880454,0.4102276233717572
13,2,3,0.05,0.39068490289651064,0.5282923165937126,0.5350137615437173,0.5321175007163166
13,2,4,0.45,0.32290137801696023,0.48974175478561816,0.367378115977166,0.5139158802725563
13,2,5,0.6499999999999999,0.2952705858539042,0.5445532108376565,0.5249002401991784,0.4319061873222984
13,2,6,0.05,0.3227021785342351,0.5425670856550827,0.5961052616632447,0.5115920634241119
13,2,7,0.55,0.3520470876105789,0.54286706611022,0.496195177409155,0.4814533607963746
13,2,8,0.2,0.36529465787757065,0.6345716439482195,0.48648643851630063,0.6861657808783314
13,2,9,0.05,0.3435815566313043,0.6019827930905872,0.4741316992555394,0.6570520414598956
13,2,10,0.15000000000000002,0.36986864635904826,0.5156087396443076,0.4819942804875361,0.5274087522867029
13,2,11,0.15000000000000002,0.2540900267220563,0.5502174550087839,0.45993398125369817,0.4824462434069204
13,2,12,0.35,0.2693104586523386,0.5339351660405328,0.5101886498152836,0.33467050178612906
13,2,13,0.30000000000000004,0.25207711058468085,0.5737495999703496,0.5647292174940618,0.5287387328486681
13,3,1,0.6,0.3224176844794635,0.629995549472323,0.5556254270348902,0.6641238663972073
13,3,2,0.25,0.23423606104301853,0.43963169259076174,0.5790564499858432,0.453203810719487
13,3,3,0.2,0.2593057808619723,0.5084276654074312,0.5302482693960731,0.4262008475423983
13,3,4,0.30000000000000004,0.2887713003971115,0.4947384702176066,0.4352044755375765,0.4171190181206904
13,3,5,0,0.12921519695357114,0.1883735229290958,0.11624676491930631,0.11658579671359036
13,3,6,0.4,0.5337015483915267,0.6085710336675073,0.6066889452428949,0.49070054702851534
13,3,7,0.5,0.39345053916183154,0.6363647079586756,0.6487554846962563,0.4434650840167304
13,3,8,0.1,0.39496509896316134,0.47357914800937567,0.5868485651627692,0.4509006568495973
13,3,9,0.5,0.33388739042240306,0.6204700724324819,0.6069042110938366,0.4591901140257331
14,1,1,0.8,0.5460708706698253,0.6937170097007299,0.633996369461686,0.7083128116401022
14,1,2,0.05,0.2557124117371053,0.4465651836577131,0.4013491812463573,0.3215179066431794
14,1,3,0.55,0.5635615329705543,0.7121378263488923,0.6105449789766445,0.630432323552998
14,1,4,0.4,0.3996242926093774,0.5187214876851668,0.4776169905898743,0.5286338020050082
14,1,5,0.55,0.26883025199986266,0.6087347759192236,0.5525827769517295,0.5018810992874133
14,1,6,0.45,0.465106115745986,0.5727479264836232,0.6042466871417357,0.46753138759424434
14,1,7,0.65,0.47810611717650287,0.5385963357806761,0.3934837760650229,0.6622028186845884
14,1,8,0.5,0.5699875044346026,0.7155618812911949,0.6649182784496366,0.6095680663944947
14,1,9,0.6,0.4416670064144379,0.4959562462916298,0.5551791596801073,0.5385408790009883
14,1,10,0.4,0.46083816848056214,0.6236360633607768,0.4940601619045036,0.48219116158576386
14,1,11,0.25,0.25628435028782,0.42214336632555993,0.4595511598394772,0.32483918904484904
14,1,12,0.4,0.5632802575788787,0.7061552152421073,0.6269054445147103,0.664996241457183
14,1,13,0.55,0.3385256627584944,0.5730646864734601,0.5101506087419446,0.4274710379215459
14,1,14,0.15,0.24719690207253295,0.4499421520025757,0.4707231290149757,0.29365274094940347
14,1,15,0,0.34420195394307684,0.4054850700345062,0.3626114847166015,0.3706550524479377
14,1,16,0,0.3050163400796512,0.4437616503223637,0.3970001381770463,0.4427621453809024
14,1,17,0.45,0.4984585285988945,0.5267093335681702,0.5323200508881478,0.5277100344086276
14,1,18,0.5,0.36542841121067504,0.45089467316870985,0.4201644497586563,0.4247113381895925
14,1,19,0.45,0.35376621133312736,0.4385830611376821,0.365766483122903,0.35406678677332015
14,1,20,0.5,0.4681910255089779,0.6213779583114334,0.5601752824576186,0.39963236322591694
14,1,21,0.5,0.3444813517812797,0.5867362552998632,0.4357984566980264,0.48909026521515775
14,2,1,0.75,0.7360285881656196,0.816007148173012,0.8498682549680159,0.7097252321883006
14,2,2,0.7,0.7906136273903939,0.8184374149116022,0.7976302583571682,0.8697929558952432
14,2,3,0.6499999999999999,0.8888477615271053,0.88335076705076,0.7924841435481491,0.8362414179762404
14,2,4,0.5,0.5934445846351037,0.5961930256975445,0.59046002995814,0.5054008257562015
14,2,5,0.7,0.4292771204552477,0.6253143776410536,0.4284306478384193,0.5460397123374301
14,2,6,0.4,0.34362840606081413,0.6006184455337567,0.6336827955166211,0.6048671063183362
14,2,7,0.4,0.6499750374795437,0.6180603469446462,0.5537799316489862,0.6553137816344903
14,2,8,0.7,0.44056586600634007,0.5299311551990052,0.5831857343219915,0.5896749692280566
14,2,9,0.4,0.29360877221592796,0.5164635561054202,0.5011773129396446,0.5352215834241798
14,2,10,0.2,0.3606946518693996,0.5065077518078063,0.5187937472343398,0.5544139142166378
14,2,11,0,0.291518518756938,0.5015987100979851,0.5290215772358826,0.5251942637876108
14,2,12,0.7,0.3798976429372518,0.5335552426881777,0.5916682049106257,0.4255594210042674
14,2,13,0.4,0.35367483706412145,0.5186953008829189,0.4788226722253964,0.6168472628653002
14,3,1,0.6499999999999999,0.3922205628225815,0.6616353117255144,0.6467184329027522,0.5643307134089379
14,3,2,0.55,0.42128446472917447,0.5335095625904441,0.5036211340096944,0.6030476515836106
14,3,3,0.6499999999999999,0.34071247611036726,0.6431147898027317,0.5696292044392979,0.4725882012485101
14,3,4,0.8,0.3479761940524828,0.5542269245864835,0.5021244455963908,0.511972023810533
14,3,5,0,0.15256793882537395,0.21978917209143867,0.22369994896774115,0.23609498103668383
14,3,6,0.55,0.6450699737357091,0.7746231653781004,0.6263966054223047,0.6306216812077522
14,3,7,0.75,0.4001476829917259,0.5995920440961382,0.6680864958640135,0.5078569386493914
14,3,8,0.6499999999999999,0.5018315981162952,0.5784400466884857,0.6456147384469578,0.5771814701190019
14,3,9,0.6,0.3974328300774768,0.5594171093319671,0.47525452021199577,0.4521888611074849
15,1,1,0.8500000000000001,0.6089560373536581,0.6397889570165235,0.6640740368296929,0.5896860954472783
15,1,2,0.9,0.3662877942573328,0.598503931809284,0.5800975991950127,0.5035410252312982
15,1,3,0.9,0.6148393064567812,0.6905607569700868,0.5983054185323393,0.7600793214659313
15,1,4,0.8500000000000001,0.5955958138783031,0.73602058126330006,0.6964671498907299,0.7243077849202219
15,1,5,0.9,0.2417946442876598,0.5799650396039848,0.47968556350803543,0.3810602926640704
15,1,6,0.7,0.4794452598390954,0.6991516042997638,0.6298668467065544,0.5890859683752584
15,1,7,0.9,0.3270440656435609,0.4967548546202048,0.38266493189482265,0.530802434586308
15,1,8,0.8500000000000001,0.5346979928416933,0.7443519281359922,0.7622791604430481,0.7390156135823799
15,1,9,0.8500000000000001,0.5202667592211121,0.5493342729168764,0.6740712097103707,0.6594852396396885
15,1,10,0.75,0.3993464146954143,0.6780535563852101,0.6528747024531087,0.5421523702873574
15,1,11,0.8,0.3665249918460534,0.5465498282421657,0.5402804633763011,0.4295968345588423
15,1,12,0.75,0.5013780348416703,0.6424501610309012,0.5721795193218983,0.7142705841413441
15,1,13,0.75,0.30523556679941866,0.5762265472351007,0.491205597908186,0.4247992353214438
15,1,14,0.8,0.3263357809478033,0.5062699917004394,0.5640446901019459,0.37597248454197274
15,1,15,0.5,0.35956391764227924,0.5737214045874457,0.5201543248991647,0.4827992094662297
15,1,16,0.8500000000000001,0.31900903085338916,0.5814849236987968,0.5211530090383046,0.5258794799456786
15,1,17,0.9,0.6232037177704535,0.6714399811157129,0.6950857503013615,0.7302262182892155
15,1,18,0.6499999999999999,0.5018503736510226,0.6283581348925129,0.5912669987436909,0.4826955236994827
15,1,19,0.6499999999999999,0.47880277892219136,0.4976276664048445,0.4396688710002832,0.4924447673285036
15,1,20,0.6499999999999999,0.4691707507925063,0.715980040126458,0.625117567049776,0.5741780532040969
15,1,21,0.55,0.2981034564150101,0.493040913397095,0.52063100391982,0.549135821254851
15,2,1,0.7,0.6800073099415205,0.7739131235846171,0.7616870071614704,0.6760845255695352
15,2,2,0.7,0.7581033419736556,0.7930764706772477,0.7376908252560515,0.6382627976952407
15,2,3,0.8,0.7788331416440645,0.8157041284078964,0.7532431074661381,0.745755532803909
15,2,4,0.8500000000000001,0.5613947468557238,0.7174928157043303,0.7440958452790075,0.5700838959314913
15,2,5,0.6499999999999999,0.30392503447545804,0.6099378801080115,0.46692601530459144,0.4985761883225985
15,2,6,0.25,0.32100987700415423,0.5461431113963704,0.6312753200960288,0.46258159757249206
15,2,7,0.7,0.6822403468717456,0.7727426779302358,0.7640675942189435,0.678226455224703
15,2,8,0.05,0.3213785927432737,0.5553706197670749,0.5728228532118957,0.5487037530750751
15,2,9,0.6499999999999999,0.3923184638250878,0.7359659903713223,0.7019061756662592,0.6830942556071906
15,2,10,0.45,0.39984727443609025,0.5573921991962227,0.5985748849654897,0.45660657943145655
15,2,11,0,0.29868236873576637,0.5609938312883234,0.5999629073043948,0.46809405639488455
15,2,12,0.75,0.3624946892058914,0.5963153581299062,0.655689000132243,0.3690352603662455
15,2,13,0.6,0.43611633249791143,0.6400039718309035,0.6242225156953866,0.7375363297548587
15,3,1,0.75,0.3411141831462217,0.7978948336221184,0.590283123072515,0.7424482906312572
15,3,2,0.6,0.32535694973735707,0.6607394570481888,0.6679750217438113,0.5558822837529225
15,3,3,0.6,0.5092469508531603,0.7302007535765636,0.7039173722455719,0.5736953607268621
15,3,4,0.8,0.3913644878463281,0.5739045587183175,0.6322465330700906,0.5440492847006644
15,3,5,0.8500000000000001,0.6030699072166719,0.765711878017813,0.7544947011645867,0.8224727481803863
15,3,6,0.75,0.6559945633204014,0.7965552563868994,0.72647286770777,0.5721700923158972
15,3,7,0.8,0.5053315366040673,0.6723457415835413,0.7400246292107971,0.5596035309507281
15,3,8,0.75,0.5923784024845218,0.731180533094199,0.7425589435305168,0.6828121529679243
15,3,9,0.7,0.529581123184674,0.7706402749574478,0.6366330449982452,0.496204187634761
16,1,1,0.6,0.5013006975200559,0.5878668218466904,0.4402812104224488,0.5363617030024261
16,1,2,0.6499999999999999,0.3313157680159302,0.5130594264275868,0.41640535063061296,0.40977383257350086
16,1,3,0.6,0.5271885836165756,0.6862880364435796,0.6317114413985212,0.7462318939325865
16,1,4,0.55,0.5642674930762981,0.6928443069075374,0.574465533515987,0.5991521503061087
16,1,5,0.6499999999999999,0.30422749939918287,0.5283420134456976,0.5181960573341494,0.40953117503047526
16,1,6,0.7,0.5882172075451185,0.7586153185097112,0.7003329282683111,0.6802527781639577
16,1,7,0.8,0.42160874503610624,0.5673634704619446,0.4792297858849181,0.6721767854508894
16,1,8,0.6499999999999999,0.5035810309163319,0.6165677058329105,0.6267494655176213,0.6419017866376862
16,1,9,0.75,0.5910329119030453,0.5728907489830005,0.7114164969829931,0.549940458832565
16,1,10,0.35,0.4792125326157861,0.5609431212801513,0.5071020246751992,0.4842648769207033
16,1,11,0.1,0.2813399437520742,0.4477820958108522,0.5327204888161363,0.3935969985911027
16,1,12,0.6,0.6121522592153901,0.6796416206413117,0.5741186603862515,0.7165598037462086
16,1,13,0.7,0.4268533777365788,0.5705159539821562,0.5486728645712358,0.4221254458964808
16,1,14,0.6,0.3131592000835422,0.4894356236416223,0.5197332504836196,0.33236374514049133
16,1,15,0.6,0.4658406861903617,0.6093531055989939,0.4548212715933424,0.4081951810119307
16,1,16,0.15,0.34894939260251084,0.5915704228089903,0.47336348680027734,0.49820118175283096
16,1,17,0.6,0.46197989980659415,0.5598070316244834,0.6469467588157803,0.560700651932868
16,1,18,0.7,0.48072110212746483,0.5864017384555353,0.6598764587003221,0.4815701596072042
16,1,19,0.6499999999999999,0.4225470747359265,0.4279094099301484,0.45881576973091925,0.4257064725349808
16,1,20,0.55,0.40226842434282056,0.5774721902839303,0.6237456512377442,0.4876099482387089
16,1,21,0.35,0.30215378629221457,0.4076547634201448,0.4913533117138531,0.4121195839684108
16,2,1,0.6499999999999999,0.6536143619608381,0.8237593048498283,0.8069194063303736,0.7153246609576094
16,2,2,0.45,0.6773761422677699,0.7510882122045652,0.5870837428869269,0.6214028403436285
16,2,3,0.5,0.6809320497304905,0.784936657615018,0.6886214877216177,0.7680060638954398
16,2,4,0.35,0.5564459629381674,0.5581572127644268,0.5353056958884919,0.6477213820925939
16,2,5,0.5,0.4425659968986393,0.5730862867582248,0.47183254552636983,0.5418358293505
16,2,6,0.05,0.2565115342580195,0.4844176401059535,0.5229041469518726,0.4797667054353595
16,2,7,0.4,0.5366340186939953,0.5801283229425268,0.613262765906043,0.585124742931354
16,2,8,0,0.35621016010345496,0.4743255972680539,0.5048747576131604,0.4906784535360608
16,2,9,0,0.3379525619127728,0.46950513856055215,0.5037937394446204,0.5799862310388031
16,2,10,0.35,0.3132935792678042,0.5066648707576371,0.48797925924387486,0.53439029590233
16,2,11,0.55,0.342756148361772,0.5898306140332615,0.5894462194590581,0.5935473703551744
16,2,12,0.55,0.2866255249997139,0.572649864663045,0.6481001503840982,0.3970594780128954
16,2,13,0.6499999999999999,0.48992504806536896,0.6447112610037177,0.7044405959499714,0.7330807293035368
16,3,1,0.65,0.37816081656767486,0.6335163037043224,0.6325520272607206,0.5689146362552834
16,3,2,0.75,0.5225595202332315,0.6975155084612404,0.7980403390084821,0.636895199915907
16,3,3,0.7,0.37523889632757695,0.6788004412240192,0.6528567415563652,0.45461718494361864
16,3,4,0.5,0.4180117102116021,0.55845330636881,0.5081274117404713,0.5278077332097935
16,3,5,0.5,0.3005604586523386,0.3808502867221654,0.4104200274912982,0.29363014412798416
16,3,6,0.7,0.5962466096748721,0.6718309038354945,0.5981496514632356,0.5847505310915309
16,3,7,0.75,0.3803779389970359,0.5965124024252023,0.6998298642135014,0.5067138255883544
16,3,8,0.75,0.6126649207207516,0.7016214058948239,0.7758023646500729,0.7431607130444218
16,3,9,0.75,0.4339001041416326,0.6462875719333036,0.588507219538743,0.5592560713129193
17,1,1,0.75,0.6988384560144654,0.7429166623125601,0.7548860261892127,0.5819550685120791
17,1,2,0.7,0.3966835968345522,0.6074874152077572,0.5601796799633111,0.48119433181649407
17,1,3,0.6499999999999999,0.5145447809020268,0.6856578008015435,0.6573169249503664,0.6971992816065159
17,1,4,0.55,0.4506603981414724,0.7086970215693279,0.631155633766401,0.6331610023261216
17,1,5,0.6,0.26143269131733443,0.5434423006072816,0.5259169911990547,0.40771720393236616
17,1,6,0.6,0.4270469445588858,0.600971335970761,0.5156404442519197,0.43461732905464856
17,1,7,0.8,0.4826534622801295,0.5772469156449014,0.4896005348214634,0.5524278840855646
17,1,8,0.6,0.5424838494638423,0.6355071804903744,0.7183845831715616,0.6838081350252534
17,1,9,0.55,0.5893227289113193,0.5002429731110398,0.6106513362907177,0.38888009093405984
17,1,10,0.45,0.4747030068035385,0.6000189780609991,0.5623789096474705,0.45557721871646234
17,1,11,0.4,0.3478056049083897,0.5249956567451297,0.4958582913857209,0.39666560985244725
17,1,12,0.55,0.4267321414266259,0.6022654614934576,0.5102029284632847,0.6873447892418573
17,1,13,0.6499999999999999,0.3203422726336389,0.5761932411769268,0.48190659528366986,0.45312306615713527
17,1,14,0.30000000000000004,0.32724487445783407,0.48325917785168304,0.5185989324339675,0.3373286350311873
17,1,15,0.2,0.3812932016113343,0.471109297544656,0.4762355083643737,0.36001292972637555
17,1,16,0.25,0.26904590242730114,0.4934660493507088,0.4316839278478459,0.5021979316252503
17,1,17,0.4,0.45053522790995754,0.4517185086374966,0.6195374502181163,0.49162285761999786
17,1,18,0.6,0.45745910867351025,0.5283628073709091,0.5102792490289461,0.45127481570742417
17,1,19,0,0.4028986564584979,0.4840648300103474,0.448900930872482,0.4629899827999247
17,1,20,0.55,0.4181139027649031,0.6137492955311497,0.6053581434599871,0.5470611787349764
17,1,21,0.2,0.32908711204380814,0.47758602259383787,0.4956508668702306,0.4671025513162423
17,2,1,0.75,0.6625367642851421,0.7543876806775245,0.7431615077743662,0.7558136349803246
17,2,2,0.5,0.6603326953227818,0.7466725286481948,0.6801360058441261,0.6256998656800429
17,2,3,0.6499999999999999,0.5737907125118733,0.681452369146921,0.6153580449134741,0.7330854182102088
17,2,4,0.8,0.4197501459127271,0.6018881968481525,0.5650532818743927,0.5785749760945234
17,2,5,0.6,0.324691044105698,0.5970556473288554,0.4616720291511182,0.5753942019470247
17,2,6,0.35,0.27510566155686017,0.5502730438747141,0.6441097848422324,0.46396901061843976
17,2,7,0.6499999999999999,0.5021811806914547,0.6436280690743645,0.6325058799419487,0.6430844507589565
17,2,8,0.2,0.36541696707522225,0.5693913588082715,0.5421598937308312,0.5906774415799315
17,2,9,0.55,0.3629712301587302,0.5993620055638954,0.6148674316277934,0.6323945382767373
17,2,10,0.35,0.3327807961685034,0.5376551493564106,0.5593351469423878,0.5294862558343775
17,2,11,0.7,0.36185730450555614,0.6779182042285946,0.6637294684167963,0.6433061804134461
17,2,12,0.5,0.33626043919730836,0.4937233844007174,0.5571067771602667,0.2116643997436519
17,2,13,0.75,0.4097561075920395,0.6538510898210707,0.7290474483446729,0.6377650318400605
18,1,1,0.5,0.5092773493379568,0.6433123649188868,0.4618138884461949,0.6520292687382486
18,1,2,0.4,0.3393183479532164,0.481831686583792,0.46312471601649985,0.3931453800546944
18,1,3,0.4,0.36767995545370274,0.5911752729725812,0.4890976826946389,0.6229923797054371
18,1,4,0.25,0.4417455060310594,0.5082819132972318,0.44189742621939126,0.4879703052865011
18,1,5,0.7,0.3243848240750278,0.6060973990930326,0.5537324597803069,0.5358156970396204
18,1,6,0.45,0.3825124490735972,0.5930805110610627,0.4558094652972163,0.4413707321942345
18,1,7,0.5,0.5039727243336651,0.598325080512073,0.4743712308607837,0.5391393106491269
18,1,8,0.4,0.43030092354173105,0.5601750520867925,0.5464044403999165,0.4380792521654801
18,1,9,0.1,0.18931291198887631,0.26615238261654933,0.4029723482722783,0.3269203748412659
18,1,10,0.15000000000000002,0.33831233692106977,0.5357601874136844,0.5714352017469647,0.370144041093684
18,1,11,0.15000000000000002,0.25705432602625283,0.4209951698558715,0.4051941482868589,0.4382415625111262
18,1,12,0.55,0.4394111706206154,0.526562010534748,0.5114965103937961,0.5896610349630312
18,1,13,0.6499999999999999,0.37313862925006586,0.599005211714857,0.44209112839784137,0.4713849801126779
18,1,14,0.35,0.3108722505464575,0.5015559305519157,0.47782351124828976,0.3913537408680231
18,1,15,0.05,0.2696065756571795,0.3646506700752253,0.35401409617800594,0.35486350354258817
18,1,16,0,0.2919833473523993,0.43541514868403153,0.43090405935339926,0.5265467352070028
18,1,17,0.4,0.5045643324921893,0.4394060611448293,0.4861262669054954,0.5513258320716553
18,1,18,0.5,0.461578729214589,0.5574193875144533,0.5054408006724052,0.4303120385268122
18,1,19,0,0.3976566165699637,0.45824678320863704,0.3759796636024706,0.4146344009134944
18,1,20,0.1,0.2392730899737929,0.4282016447926023,0.43389502549917514,0.4035812173736867
18,1,21,0.25,0.3373698944850711,0.5173544579502467,0.4354156617748036,0.4629065096647639
18,2,1,0.4,0.5752312430619929,0.7391187693753654,0.6468161052129199,0.6952384709056784
18,2,2,0.35,0.7265177963458875,0.7465375083919996,0.5810922302114363,0.7383636171359882
18,2,3,0.35,0.7572340347157849,0.7834532893598672,0.6526901131780212,0.6981093798478526
18,2,4,0.25,0.6146584354722423,0.5449638862079118,0.6267348159956462,0.5166331414254784
18,2,5,0.15000000000000002,0.3230791197457113,0.4861229911090885,0.3401480454729639,0.3145717285100784
18,2,6,0.05,0.31884675658896094,0.587223119513949,0.5116235877119067,0.49489031031343306
18,2,7,0.6499999999999999,0.6214142304963322,0.636585155003697,0.6295584914881244,0.6218574258718294
18,2,8,0.05,0.38856836368890263,0.4985673431599449,0.45967778681061944,0.5949241075288687
18,2,9,0.30000000000000004,0.39450545599157705,0.6341920061500236,0.48313365831783434,0.6227064888534357
18,2,10,0.30000000000000004,0.4621634530103798,0.594597864390564,0.5432987947231627,0.49213185565839246
18,2,11,0.5,0.33608815131435893,0.5923504487287871,0.5238095528234742,0.5250815975724921
18,2,12,0.4,0.3861220903285611,0.6649592132160649,0.5538445696844646,0.3422394038126692
18,2,13,0.3,0.35536454578226384,0.58141090727008915,0.46191611720804376,0.6595239694789793
18,3,1,0.6,0.35750799658964766,0.7055417843736167,0.5566478471083698,0.5947537439197861
18,3,2,0.55,0.4111910948890491,0.6759971089671198,0.5239629621937428,0.6989592110684052
18,3,3,0.5,0.3090765047607604,0.6103283529600138,0.5654061684607077,0.5009760873177207
18,3,4,0.7,0.5543371127590665,0.7038376346725143,0.5766969232718968,0.6369549106257301
18,3,5,0.7,0.3793338404515856,0.4441561350814596,0.35450139808891823,0.4854113278475068
18,3,6,0.5,0.4396827900230027,0.6480065775635732,0.5048981060843677,0.5708882685992238
18,3,7,0.5,0.31755321165356315,0.5452535827731516,0.4938644993921905,0.5697264793844933
18,3,8,0.55,0.36975027108295855,0.5094923944433659,0.4908625924641799,0.5520426519905124
18,3,9,0.4,0.3717437858344491,0.57984493936361,0.36568706311045857,0.4725029267254753
19,1,1,0,0.2642914899978256,0.26270067641739975,0.3338849112360827,0.27229707577527495
19,1,2,0.3,0.37589425189686543,0.5671849454991315,0.5196530092502326,0.519542886170936
19,1,3,0.55,0.4539650710680811,0.6386427545767591,0.6414841560519003,0.5880740122460467
19,1,4,0.2,0.3304135588686327,0.438052036329468,0.4171143292140184,0.4040233521327585
19,1,5,0.7,0.28716366758791956,0.5209732567802297,0.49373985924590935,0.4480989159035847
19,1,6,0.6499999999999999,0.4152662799979401,0.6319239839290566,0.6414430420227764,0.4667832288245796
19,1,7,0.7,0.45817383069546014,0.5542350605648069,0.42585511352558314,0.49659972144185627
19,1,8,0.6,0.5370015721381078,0.6408650834457958,0.6231410471870374,0.577806551711276
19,1,9,0.6,0.679984421670615,0.6859467991391368,0.6912108060384217,0.631944217799238
19,1,10,0.45,0.5905897198761745,0.6631863914756116,0.5891568847772976,0.5262710698802862
19,1,11,0.6,0.35230735228482163,0.5282340268023169,0.45474767960049034,0.431472052844667
19,1,12,0.7,0.4277158900390245,0.5360653691473428,0.5743297936414823,0.5298083068988493
19,1,13,0.75,0.34932624440667875,0.637551215438135,0.5394198768105009,0.5185273007749783
19,1,14,0.6,0.2720094864730319,0.4276631668605672,0.4319331286674138,0.37452231432141503
19,1,15,0.1,0.35828217447156707,0.4167340875802138,0.4448598880511611,0.3723240912951852
19,1,16,0,0.3476820440084229,0.5154143395298317,0.5062575711272704,0.4381050543976752
19,1,17,0.4,0.5044076908881793,0.48386105487569386,0.5456115913163779,0.524225011147412
19,1,18,0.5,0.47825301338391646,0.5161523320715073,0.4679746879572346,0.4886201559620428
19,1,19,0.6,0.4359852613840536,0.4923272481886331,0.5935168792163072,0.38404349694738926
19,1,20,0.6,0.5033523270218927,0.6873595582963695,0.6994518111789468,0.5981938914301409
19,1,21,0.35,0.40732217244023294,0.5426575342351443,0.5642096495474066,0.6420345860113967
19,2,1,0.5,0.5891727928554262,0.796630888454028,0.70180423830539,0.6357262581316768
19,2,2,0.5,0.7500765326558404,0.7759970954857142,0.6868373806633516,0.6805634380992265
19,2,3,0.6,0.7707574265286504,0.7878592661931038,0.737998756618511,0.7489033256587145
19,2,4,0.55,0.7321771895492155,0.7035898701618705,0.7688207945434478,0.6178139458786789
19,2,5,0.5,0.31745879753607764,0.476986157260321,0.4084659984859864,0.41733997953623375
19,2,6,0.25,0.3773046521841133,0.6035118149396966,0.603104686702621,0.46084450335100535
19,2,7,0.6499999999999999,0.6420482749396322,0.6369667226239508,0.6573631252511346,0.5413533223102523
19,2,8,0.05,0.4048212712145661,0.5411208054302629,0.5341430819076232,0.609212345271378
19,2,9,0.55,0.4539757105377599,0.6237566491926844,0.553568348046787,0.5546329152983183
19,2,10,0.05,0.3294207801181035,0.5206059558824829,0.49392709762081166,0.5667788790026839
19,2,11,0.7,0.5020935615293942,0.7264533248629153,0.6848679868791145,0.6759740845982609
19,2,12,0.6499999999999999,0.4615240119419553,0.6562910212791724,0.7082089404363682,0.3797397164064473
19,2,13,0.7,0.3957677083690962,0.6063551748667456,0.7252538579370421,0.6953832971925477
19,3,1,0.8,0.3620907469873314,0.6988581869917909,0.6049096508613602,0.5802572604408442
19,3,2,0.75,0.4137386667296094,0.61380355524356,0.6747452466672205,0.6885101282503394
19,3,3,0.8,0.31354713839393,0.6912387299323708,0.684947221454572,0.5463440409241416
19,3,4,0.65,0.2334495449525641,0.5462797677457173,0.5354171929544965,0.4244096057206993
19,3,5,0.6,0.08433952318009635,0.20514695044304648,0.21932959654845607,0.23086343275864116
19,3,6,0.8,0.6213174917888329,0.7937703464220275,0.7110461263379014,0.6932482287058999
19,3,7,0.7,0.3878901198487085,0.691116201700953,0.7076131313970463,0.5821904145396162
19,3,8,0.7,0.48894389226490886,0.5913196647780599,0.6604760294613807,0.584403949362775
19,3,9,0.75,0.4203307569723395,0.6803414511800259,0.608767640885486,0.6029223491623757
20,1,1,0.7,0.5120642645426351,0.586754489070995,0.5635849918111027,0.5719721212974062
20,1,2,0.5,0.4702388999038693,0.5704317742605998,0.4502454549924299,0.5754508132100647
20,1,3,0.6499999999999999,0.5664265007553129,0.7289894941713989,0.6432056735664766,0.7560114432634875
20,1,4,0.5,0.4736685642473764,0.6633034260157968,0.5355902056633939,0.5357859476487014
20,1,5,0.7,0.2937831164669665,0.5241174597889864,0.4626938929136368,0.4676355237079598
20,1,6,0.6,0.39518897486295645,0.6496099093985913,0.5495906452020352,0.539840447897081
20,1,7,0.7,0.5332822281159519,0.6247590417278397,0.5349959331019645,0.6606822618819544
20,1,8,0.55,0.5270787020347673,0.6283968992811149,0.6125180509661373,0.5991995427017935
20,1,9,0.6499999999999999,0.5608241494146324,0.6590844726274647,0.6059852913501169,0.5700903862260372
20,1,10,0.45,0.4922618868804431,0.5242733078335798,0.49784246714692376,0.3919680141330535
20,1,11,0.15,0.245803936210389,0.4599594979102256,0.44000035286009526,0.4456532669546626
20,1,12,0.7,0.5654240660154953,0.6482044446607017,0.5764610209333987,0.6675148731059996
20,1,13,0.75,0.35984054385392705,0.5769537066088922,0.5096063511850165,0.6299101065065282
20,1,14,0.55,0.2945606024192902,0.5046647752704689,0.48019999220105014,0.4974413669439815
20,1,15,0.4,0.3617732616358247,0.5303688134045769,0.50140839391648,0.44400669247384383
20,1,16,0.05,0.28354946656023616,0.5790196519120535,0.4127230489061973,0.5110688397197125
20,1,17,0.55,0.51223476427942,0.5668181592114031,0.5536984983206826,0.5234649579195793
20,1,18,0.8,0.5108685312024354,0.5488721893691075,0.5438377010984652,0.5885805466216135
20,1,19,0.55,0.366381671930969,0.4138171417600186,0.39751472581604985,0.4291942243690056
20,1,20,0.55,0.43044808797106926,0.5936949629336632,0.5805632844514371,0.583413239014077
20,1,21,0.75,0.3497979573648734,0.4258986722649746,0.41666739958428206,0.5440248070183766
20,2,1,0.45,0.45736701914603856,0.5573576363947766,0.560031807211655,0.5056179758165928
20,2,2,0.55,0.5676267938682322,0.7182572608540987,0.6507590253771046,0.6631210805450394
20,2,3,0.6,0.7453617276639086,0.8167730583134476,0.6683936060055303,0.7642457461814816
20,2,4,0.6,0.6179636448427003,0.6755537117847743,0.7265393336221206,0.6883850112660918
20,2,5,0.75,0.34833069402959455,0.604285264253247,0.44062297078954193,0.5749980820517342
20,2,6,0.45,0.34959822143829894,0.5450943090597713,0.6298121957773773,0.52007848117147
20,2,7,0.7,0.7161570986541697,0.789280181452688,0.7437378989120464,0.7966629660508321
20,2,8,0.35,0.4704407816058411,0.6761637210697033,0.6053937738524947,0.5961313817874175
20,2,9,0.45,0.441538617519827,0.707690479403806,0.5963872318475203,0.577608187117152
20,2,10,0.05,0.3317965111122555,0.5395551407956242,0.5676238888615738,0.4959526258301219
20,2,11,0.6,0.4160122945777686,0.7168684192035173,0.7398048598901704,0.5854683576683175
20,2,12,0.30000000000000004,0.20132889658506997,0.3896690943644117,0.48132281315750663,0.22662217097332588
20,2,13,0.6499999999999999,0.5405731258797679,0.700978285713219,0.7648860336066922,0.7260981525389821
20,3,1,0.45,0.3041397908298143,0.38404911864745334,0.5523756968192152,0.42109698587542366
20,3,2,0.5,0.4584798719115139,0.6043399174778618,0.6758636436269864,0.6194485464283354
20,3,3,0.55,0.2978085017051762,0.6299795367987829,0.6095615231179523,0.3331773631665771
20,3,4,0.45,0.43310527317151326,0.605049948070668,0.597862462552325,0.4470639126059851
20,3,5,0.6499999999999999,0.09490237079571072,0.25933410849080746,0.2786251129576161,0.27991392650846103
20,3,6,0.7,0.6489957592325563,0.7640438137350241,0.6859126858820359,0.6862476115716071
20,3,7,0.75,0.47937400221444015,0.6321387454370933,0.7183295878594086,0.5448667174304833
20,3,8,0.6499999999999999,0.5346395204621142,0.6463219237593355,0.6632400737170304,0.6780028182183467
20,3,9,0.6499999999999999,0.48619148828120534,0.78248493571212685,0.6287356016126872,0.48357939585265414
